month_num,month,day,name,times_seen,name_variants
1,January,1,National Hangover Day,2,National Hangover Day
1,January,1,New Year's Day,1,New Year's Day ; New Year's Dishonor List Day
1,January,1,World Day of Peace,1,World Day of Peace
1,January,2,National Buffet Day,3,National Buffet Day
1,January,2,National Personal Trainer Day,2,National Personal Trainer Awareness Day ; National Personal Trainer Day
1,January,2,Swiss Cheese Day,2,Swiss Cheese Day
1,January,3,National Chocolate Covered Cherry Day,3,Chocolate Covered Cherry Day ; National Chocolate Covered Cherry Day
1,January,3,National Drinking Straw Day,2,Drinking Straw Day ; National Drinking Straw Day
1,January,4,National Spaghetti Day,3,National Spaghetti Day
1,January,4,National Trivia Day,3,National Trivia Day
1,January,5,National Bird Day,3,National Bird Day
1,January,5,National Keto Day,2,National Keto Day
1,January,5,National Whipped Cream Day,3,National Whipped Cream Day
1,January,6,National Cuddle Day,2,National Cuddle Day ; National Cuddle Up Day
1,January,6,National Take Down the Christmas Tree Day,2,National Take Down the Christmas Tree Day
1,January,7,I'm Not Going To Take It Anymore Day,2,I'm Not Going To Take It Anymore Day
1,January,7,National Bobblehead Day,3,National Bobblehead Day
1,January,7,National Pass Gas Day,2,National Pass Gas Day
1,January,8,Earth's Rotation Day,3,Earth's Rotation Day
1,January,8,National Bubble Bath Day,3,National Bubble Bath Day
1,January,8,National Snuggle a Chicken Day,1,National Snuggle a Chicken Day
1,January,9,National Apricot Day,3,National Apricot Day
1,January,9,National Law Enforcement Day,2,National Law Enforcement Appreciation Day ; National Law Enforcement Day
1,January,9,National Static Electricity Day,2,National Static Electricity Day ; Static Electricity Day
1,January,10,National Clean Off Your Desk Day,1,National Clean Off Your Desk Day
1,January,10,National Cut Your Energy Costs Day,3,National Cut Your Energy Costs Day
1,January,10,National Houseplant Appreciation Day,3,Houseplant Appreciation Day ; National Houseplant Appreciation Day
1,January,10,National Oysters Rockefeller Day,2,National Oysters Rockefeller Day
1,January,11,Cigarettes are Hazardous to Your Health Day,1,Cigarettes are Hazardous to Your Health Day
1,January,11,Learn Your Name In Morse Code Day,2,Learn Your Name In Morse Code Day ; Learn Your Name in Morse Code Day
1,January,11,National Gluten-Free Day,1,National Gluten-Free Day
1,January,11,National Hot Toddy Day,3,National Hot Toddy Day
1,January,11,National Step in a Puddle and Splash Your Friends Day,2,National Step in a Puddle and Splash Your Friends Day ; Step in a Puddle and Splash Your Friends Day
1,January,12,Kiss a Ginger Day,3,International Kiss a Ginger Day ; Kiss a Ginger Day
1,January,12,National Curried Chicken Day,2,National Curried Chicken Day
1,January,12,National Hot Tea Day,2,National Hot Tea Day
1,January,12,National Kettlebell Day,1,National Kettlebell Day
1,January,12,National Pharmacist Day,2,National Pharmacist Day
1,January,12,Work Harder Day,1,Work Harder Day
1,January,13,National Rubber Ducky Day,3,National Rubber Ducky Day
1,January,13,National Sticker Day,2,National Sticker Day
1,January,13,National Take the Stairs Day,2,National Take the Stairs Day
1,January,14,National Dress Up Your Pet Day,3,National Dress Up Your Pet Day
1,January,14,National Hot Pastrami Sandwich Day,2,National Hot Pastrami Sandwich Day
1,January,14,National Organize Your Home Day,3,National Organize Your Home Day ; Organize Your Home Day
1,January,14,Take a Missionary to Lunch Day,2,Take a Missionary to Lunch Day
1,January,15,International Fetish Day,1,International Fetish Day
1,January,15,National Bagel Day,2,National Bagel Day
1,January,15,National Fresh Squeezed Juice Day,2,National Fresh Squeezed Juice Day
1,January,15,National Hat Day,2,National Hat Day
1,January,15,National Strawberry Ice Cream Day,3,National Strawberry Ice Cream Day
1,January,16,National Boston Day,1,National Boston Day
1,January,16,National Nothing Day,3,National Nothing Day
1,January,16,National Quinoa Day,2,National Quinoa Day
1,January,16,National Tulip Day,1,National Tulip Day
1,January,16,National Use Your Gift Card Day,2,National Use Your Gift Card Day
1,January,16,Prohibition Remembrance Day,1,Prohibition Remembrance Day
1,January,16,Signing of the Peace Accords,1,Signing of the Peace Accords
1,January,17,Customer Service Day,1,Customer Service Day
1,January,17,Ditch New Year's Resolution Day,2,Ditch New Year's Resolution Day ; Ditch New Year's Resolutions Day
1,January,17,National Bootlegger's Day,1,National Bootlegger's Day
1,January,17,National Hot Buttered Rum Day,2,National Hot Buttered Rum Day
1,January,17,National Lose the Jet Lag Day,1,National Lose the Jet Lag Day
1,January,18,Civil Rights Day,1,Civil Rights Day
1,January,18,Elementary School Teacher Day,2,Elementary School Teacher Day
1,January,18,Martin Luther King Day,1,Martin Luther King Day
1,January,18,National Gourmet Coffee Day,3,National Gourmet Coffee Day
1,January,18,National Winnie the Pooh Day,2,National Winnie the Pooh Day ; Winnie the Pooh Day
1,January,19,National Popcorn Day,3,National Popcorn Day
1,January,20,International Day of Acceptance,2,International Day of Acceptance
1,January,20,National Buttercrunch Day,1,National Buttercrunch Day
1,January,20,National Cheese Lovers Day,3,National Cheese Lover's Day ; National Cheese Lovers Day
1,January,20,National DJ Day,1,National DJ Day
1,January,20,National Penguin Day,3,National Penguin Awareness Day ; National Penguin Day ; Penguin Awareness Day
1,January,20,Take A Walk Outdoors Day,2,Take A Walk Outdoors Day ; Take a Walk Outdoors Day
1,January,21,Grandma Day,1,Grandma Day
1,January,21,International Sweatpants Day,2,International Sweatpants Day
1,January,21,National Granola Bar Day,2,National Granola Bar Day
1,January,21,National Hug Your Puppy Day,1,National Hug Your Puppy Day
1,January,21,National Hugging Day,3,National Hugging Day
1,January,21,National Squirrel Appreciation Day,3,National Squirrel Appreciation Day ; Squirrel Appreciation Day
1,January,21,Women's Healthy Weight Day,2,Women's Healthy Weight Day
1,January,22,Celebration of Life Day,2,Celebration of Life Day
1,January,22,National Grandpa Day,1,National Grandpa Day
1,January,22,National Hot Sauce Day,3,National Hot Sauce Day
1,January,22,National Polka Dot Day,3,National Polka Dot Day
1,January,23,Maternal Health Awareness Day,1,Maternal Health Awareness Day
1,January,23,National Handwriting Day,3,National Handwriting Day
1,January,23,National Measure Your Feet Day,2,Measure Your Feet Day ; National Measure Your Feet Day
1,January,23,National Pie Day,3,National Pie Day
1,January,24,Change a Pet's Life Day,1,Change a Pet's Life Day
1,January,24,International Day of Education,2,International Day of Education
1,January,24,National Beer Can Appreciation Day,2,Beer Can Appreciation Day ; National Beer Can Appreciation Day
1,January,24,National Compliment Day,3,National Compliment Day
1,January,24,National Just Do It Day,2,"Just Do It"" Day ; National Just Do It Day"
1,January,24,National Peanut Butter Day,3,National Peanut Butter Day
1,January,25,National Bible Day,1,National Bible Day
1,January,25,National Bubble Wrap Day,2,Bubble Wrap Appreciation Day ; National Bubble Wrap Day
1,January,25,National Fish Taco Day,2,National Fish Taco Day
1,January,25,National Irish Coffee Day,2,National Irish Coffee Day
1,January,25,National Opposite Day,3,National Opposite Day ; Opposite Day
1,January,25,Observe the Weather Day,1,Observe the Weather Day
1,January,26,National Green Juice Day,1,National Green Juice Day
1,January,26,National Peanut Brittle Day,3,National Peanut Brittle Day
1,January,26,National Plan for Vacation Day,2,National Plan for Vacation Day
1,January,26,National Spouse Day,1,National Spouse Day
1,January,27,Auschwitz Liberation Day,1,Auschwitz Liberation Day
1,January,27,International Holocaust Remembrance Day,1,International Holocaust Remembrance Day
1,January,27,National Chocolate Cake Day,3,National Chocolate Cake Day
1,January,27,National Geographic Day,2,National Geographic Day
1,January,27,World Breast Pumping Day,2,World Breast Pumping Day
1,January,28,International Reducing CO2 Emissions Day,2,International Reducing CO2 Emissions Day
1,January,28,Lego Day,2,International LEGO Day ; Lego Day
1,January,28,National Blueberry Pancake Day,3,National Blueberry Pancake Day
1,January,28,National Daisy Day,2,National Daisy Day
1,January,28,National Kazoo Day,2,National Kazoo Day
1,January,29,Freethinkers Day,2,Freethinkers Day
1,January,29,National Corn Chip Day,2,National Corn Chip Day
1,January,29,National Puzzle Day,3,National Puzzle Day
1,January,30,National Croissant Day,3,National Croissant Day
1,January,30,National Draw A Dinosaur Day,2,National Draw A Dinosaur Day ; National Draw a Dinosaur Day
1,January,31,Eat Brussel Sprouts Day,2,Eat Brussel Sprouts Day
1,January,31,Gorilla Suit Day,1,Gorilla Suit Day
1,January,31,International Zebra Day,2,International Zebra Day
1,January,31,National Backwards Day,2,Backwards Day ; National Backwards Day
1,January,31,National Bug Busting Day,1,National Bug Busting Day
1,January,31,National Hot Chocolate Day,3,National Hot Chocolate Day
1,January,31,Scotch Tape Day,2,Scotch Tape Day
2,February,1,Abolition of Slavery Day,1,Abolition of Slavery Day
2,February,1,Change Your Password Day,2,Change Your Password Day
2,February,1,G.I. Joe Day,1,G.I. Joe Day
2,February,1,Holiday Hugs Day,1,Holiday Hugs Day
2,February,1,National Baked Alaska Day,2,National Baked Alaska Day
2,February,1,National Dark Chocolate Day,2,National Dark Chocolate Day
2,February,1,National Freedom Day,2,National Freedom Day
2,February,1,National Get Up Day,2,National Get Up Day
2,February,1,National Sickie Day,2,National Sickie Day
2,February,1,Spunky Old Broads Day,1,Spunky Old Broads Day
2,February,2,African American Coaches Day,2,African American Coaches Day
2,February,2,National Brown Dog Day,2,National Brown Dog Day
2,February,2,National Crepe Day,3,Crepe Day ; National Crepe Day
2,February,2,National Hedgehog Day,3,Hedgehog Day ; National Hedgehog Day
2,February,2,National River Day,1,National River Day
2,February,2,National Sled Dog Day,2,National Sled Dog Day ; Sled Dog Day
2,February,2,National Tater Tot Day,2,National Tater Tot Day
2,February,2,National Ukulele Day,2,National Ukulele Day ; World Ukulele Day
2,February,3,National Carrot Cake Day,3,National Carrot Cake Day
2,February,3,National Golden Retriever Day,2,National Golden Retriever Day
2,February,3,National Missing Persons Day,1,National Missing Persons Day
2,February,4,International Day of Human Fraternity,2,International Day of Human Fraternity
2,February,4,National Hemp Day,1,National Hemp Day
2,February,4,National Israel Day,1,National Israel Day
2,February,4,National Thank a Mailman Day,1,National Thank a Mailman Day
2,February,4,Sweater Day,1,Sweater Day
2,February,4,Torture Abolition Day,2,Torture Abolition Day
2,February,4,World Cancer Day,1,World Cancer Day
2,February,5,Bubblegum Day,1,Bubblegum Day
2,February,5,Move Hollywood & Broadway to Lebanon PA Day,1,Move Hollywood & Broadway to Lebanon PA Day
2,February,5,National Bubble Gum Day,2,National Bubble Gum Day
2,February,5,National Chocolate Fondue Day,3,National Chocolate Fondue Day
2,February,5,National Fart Day,1,National Fart Day
2,February,5,National Give Kids a Smile Day,2,Give Kids A Smile ; National Give Kids a Smile Day
2,February,5,National Pork Rind Day,1,National Pork Rind Day
2,February,5,National Primrose Day,1,National Primrose Day
2,February,5,National Shower with a Friend Day,1,National Shower with a Friend Day
2,February,5,National Wear Red Day,1,National Wear Red Day
2,February,5,National Weatherman's Day,1,National Weatherman's Day
2,February,5,National Weatherperson's Day,3,National Weatherperson's Day
2,February,5,National Woman's Heart Day,2,National Woman's Heart Day
2,February,5,National Working Naked Day,2,National Working Naked Day ; Working Naked Day
2,February,5,Number Day,1,Number Day
2,February,5,Runeberg Day,1,Runeberg Day
2,February,5,Unity Day Burundi,1,Unity Day Burundi
2,February,5,Western Monarch Day,2,Western Monarch Day
2,February,5,World Animal Reiki Day,1,World Animal Reiki Day
2,February,5,World Nutella Day,3,World Nutella Day
2,February,6,Chinese New Year,1,Chinese New Year
2,February,6,Chinese Spring Festival,1,Chinese Spring Festival
2,February,6,International Day of Zero Tolerance to Female Genital Mutilation,1,International Day of Zero Tolerance to Female Genital Mutilation
2,February,6,Lung Leavin' Day,1,Lung Leavin' Day
2,February,6,National Chopsticks Day,1,National Chopsticks Day
2,February,6,National Frozen Yogurt Day,3,National Frozen Yogurt Day
2,February,6,National Ice Cream for Breakfast Day,2,Ice Cream For Breakfast Day ; National Ice Cream for Breakfast Day
2,February,6,National Lame Duck Day,2,National Lame Duck Day
2,February,6,National Valentine Shopping Reminder Day,1,National Valentine Shopping Reminder Day
2,February,6,Pay a Compliment Day,2,Pay a Compliment Day
2,February,6,Pisco Sour Day,2,International Pisco Sour Day ; Pisco Sour Day
2,February,6,Reclaim Social Day,1,Reclaim Social Day
2,February,6,Ronald Reagan Day,2,Ronald Reagan Day
2,February,6,Royal Hobart Regatta,1,Royal Hobart Regatta
2,February,6,Sami National Day,1,Sami National Day
2,February,6,Scout Sabbath,1,Scout Sabbath
2,February,6,Take Your Child To The Library Day,2,Take Your Child To The Library Day
2,February,6,Tet Holiday,1,Tet Holiday
2,February,6,Time to Talk Day,1,Time to Talk Day
2,February,6,Waitangi Day,1,Waitangi Day
2,February,6,World Muay Thai Day,1,World Muay Thai Day
2,February,6,Yukon Quest,2,Yukon Quest
2,February,7,Dump Your Significant Jerk Day,1,Dump Your Significant Jerk Day
2,February,7,e-Day,1,e-Day
2,February,7,Fastelavn,1,Fastelavn
2,February,7,Grammy Awards Day,1,Grammy Awards Day
2,February,7,Grenada Independence Day,1,Grenada Independence Day
2,February,7,Hug an Addict or Alcoholic Day,1,Hug an Addict or Alcoholic Day
2,February,7,Korean New Year,1,Korean New Year
2,February,7,Losar,1,Losar
2,February,7,Man Day,1,Man Day
2,February,7,Ménière's Disease Awareness Day,1,Ménière's Disease Awareness Day
2,February,7,National Ballet Day,2,National Ballet Day
2,February,7,National Black HIV/AIDS Awareness Day,2,National Black HIV/AIDS Awareness Day
2,February,7,National Fettuccine Alfredo Day,1,National Fettuccine Alfredo Day
2,February,7,National Periodic Table Day,1,National Periodic Table Day
2,February,7,National Send a Card to a Friend Day,3,National Send a Card to a Friend Day
2,February,7,National Yorkshire Pudding Day,2,British Yorkshire Pudding Day ; National Yorkshire Pudding Day
2,February,7,Navratri,1,Navratri
2,February,7,Pork Rind Appreciation Day,1,Pork Rind Appreciation Day
2,February,7,Rose Day,2,Rose Day
2,February,7,Scout Sunday,1,Scout Sunday
2,February,7,Sonam Losar,1,Sonam Losar
2,February,7,Tsagaan Sar,1,Tsagaan Sar
2,February,7,Wave All Your Fingers at Your Neighbor Day,2,Wave All Your Fingers at Your Neighbor Day ; Wave All Your Fingers At Your Neighbors Day
2,February,8,Argentina Carnival,1,Argentina Carnival
2,February,8,Carnival Monday,1,Carnival Monday
2,February,8,International Epilepsy Day,1,International Epilepsy Day
2,February,8,National Boy Scout Day,2,National Boy Scout Day
2,February,8,National Clean Out Your Computer Day,1,National Clean Out Your Computer Day
2,February,8,National Iowa Day,2,National Iowa Day
2,February,8,National Kite Flying Day,3,National Kite Flying Day ; National Kite-Flying Day
2,February,8,National Laugh and Get Rich Day,3,Laugh and Get Rich Day ; Laugh And Get Rich Day ; National Laugh and Get Rich Day
2,February,8,National Molasses Bar Day,2,Molasses Bar Day ; National Molasses Bar Day
2,February,8,National Poop Day,1,National Poop Day
2,February,8,Oatmeal Monday,2,Oatmeal Monday
2,February,8,Opera Day,1,Opera Day
2,February,8,Prešeren Day,1,Prešeren Day
2,February,8,Propose Day,1,Propose Day
2,February,8,Ramadan Begins,1,Ramadan Begins
2,February,8,Shrove Monday,1,Shrove Monday
2,February,8,Uruguay Carnival,1,Uruguay Carnival
2,February,8,Venezuela Carnival,1,Venezuela Carnival
2,February,9,Angola Carnival Day,1,Angola Carnival Day
2,February,9,Battle of the Oranges Ivrea,1,Battle of the Oranges Ivrea
2,February,9,Brazilian Carninval,1,Brazilian Carninval
2,February,9,Canada's Agriculture Day,1,Canada's Agriculture Day
2,February,9,Chocolate Day,2,Chocolate Day
2,February,9,Ecuador Carnival,1,Ecuador Carnival
2,February,9,Extraterrestrial Culture Day,2,Extraterrestrial Culture Day
2,February,9,Fasnacht Day,2,Fasnacht Day
2,February,9,Gwyl Mabsant,1,Gwyl Mabsant
2,February,9,Mardi Gras,1,Mardi Gras
2,February,9,National Bagel and Lox Day,1,National Bagel and Lox Day
2,February,9,National Cut the Cord Day,2,National Cut the Cord Day
2,February,9,National Develop Alternative Vices Day,2,National Develop Alternative Vices Day
2,February,9,National Pizza Day,3,National Pizza Day
2,February,9,National Toothache Day,3,National Toothache Day
2,February,9,Pizza Pie Day,1,Pizza Pie Day
2,February,9,Qatar Sports Day,1,Qatar Sports Day
2,February,9,Read In The Bathtub Day,1,Read In The Bathtub Day
2,February,9,Safer Internet Day,2,Safer Internet Day
2,February,9,St Maroun Day,1,St Maroun Day
2,February,9,World AG Expo,1,World AG Expo
2,February,10,All the News That's Fit to Print Day,2,All the News That's Fit to Print Day
2,February,10,Ash Wednesday,1,Ash Wednesday
2,February,10,Children's Hospice Day,1,Children's Hospice Day
2,February,10,Feast of St. Paul's Shipwreck,1,Feast of St. Paul's Shipwreck
2,February,10,International Cribbage Day,1,International Cribbage Day
2,February,10,National Cream Cheese Brownie Day,1,National Cream Cheese Brownie Day
2,February,10,National Flannel Day,3,National Flannel Day
2,February,10,National Home Warranty Day,2,National Home Warranty Day
2,February,10,National Julio Day,1,National Julio Day
2,February,10,National Umbrella Day,2,National Umbrella Day
2,February,10,Plimsoll Day,2,Plimsoll Day
2,February,10,Teddy Day,2,Teddy Day
2,February,10,Valentismas,1,Valentismas
2,February,10,World Pulses Day,2,World Pulses Day
2,February,11,Armed Forces Day,1,Armed Forces Day
2,February,11,Basant Panchami,1,Basant Panchami
2,February,11,Be Electrific Day,1,Be Electrific Day
2,February,11,Digital Learning Day,1,Digital Learning Day
2,February,11,Giving Hearts Day,1,Giving Hearts Day
2,February,11,Grandmother Achievement Day,1,Grandmother Achievement Day
2,February,11,International Day of Women and Girls in Science,1,International Day of Women and Girls in Science
2,February,11,Islamic Revolution Day,1,Islamic Revolution Day
2,February,11,National Don't Cry Over Spilled Milk Day,3,Don't Cry Over Spilled Milk Day ; National Don't Cry Over Spilled Milk Day
2,February,11,National Emergency Number Day,1,National Emergency Number Day
2,February,11,National Foundation Day,1,National Foundation Day
2,February,11,National Get Out Your Guitar Day,2,Get Out Your Guitar Day ; National Get Out Your Guitar Day
2,February,11,National Guitar Day,1,National Guitar Day
2,February,11,National Inventors' Day,2,National Inventors' Day
2,February,11,National Latte Day,2,National Latte Day
2,February,11,National Make a Friend Day,2,National Make a Friend Day
2,February,11,National Peppermint Patty Day,2,National Peppermint Patty Day
2,February,11,National Shut-in Visitation Day,2,National Shut-in Visitation Day
2,February,11,National Van Day,1,National Van Day
2,February,11,National White Shirt Day,2,National White Shirt Day ; White Shirt Day
2,February,11,Pro Sports Wives Day,1,Pro Sports Wives Day
2,February,11,Promise Day,1,Promise Day
2,February,11,Satisfied Staying Single Day,1,Satisfied Staying Single Day
2,February,11,World Day of the Sick,2,World Day of the Sick
2,February,11,Youth Day in Cameroon,1,Youth Day in Cameroon
2,February,12,Friday Fish Fry Day,1,Friday Fish Fry Day
2,February,12,Georgia Day,1,Georgia Day
2,February,12,Hug Day,2,Hug Day
2,February,12,International Day Against the Use of Child Soldiers,1,International Day Against the Use of Child Soldiers
2,February,12,International Winter Bike to Work Day,1,International Winter Bike to Work Day
2,February,12,NAACP Day,1,NAACP Day
2,February,12,National Darwin Day,3,Darwin Day ; National Darwin Day
2,February,12,National Freedom to Marry Day,2,National Freedom to Marry Day
2,February,12,National Lost Penny Day,2,National Lost Penny Day
2,February,12,National Plum Pudding Day,2,National Plum Pudding Day
2,February,12,National Tartar Sauce Day,1,National Tartar Sauce Day
2,February,12,Oglethorpe Day,2,Oglethorpe Day
2,February,12,Red Hand Day,2,Red Hand Day
2,February,12,Safety Pup Day,2,Safety Pup Day
2,February,12,Union Day,1,Union Day
2,February,12,Welsh Language Music Day,1,Welsh Language Music Day
2,February,13,Black Love Day,2,Black Love Day
2,February,13,Desperation Day,1,Desperation Day
2,February,13,Dream Your Sweet Day,2,Dream Your Sweet Day
2,February,13,Employee Legal Awareness Day,2,Employee Legal Awareness Day
2,February,13,Galentine's Day,2,Galentine's Day
2,February,13,Get a Different Name Day,2,Get a Different Name Day
2,February,13,Global Movie Day,1,Global Movie Day
2,February,13,International Condom Day,1,International Condom Day
2,February,13,International Natural Day,1,International Natural Day
2,February,13,Kiss Day,1,Kiss Day
2,February,13,Madly In Love With Me Day,1,Madly In Love With Me Day
2,February,13,National Apology Day,2,National Apology Day
2,February,13,National Break Up With Your Carrier Day,1,National Break Up With Your Carrier Day
2,February,13,National Cheddar Day,1,National Cheddar Day
2,February,13,National Crab Rangoon Day,1,National Crab Rangoon Day
2,February,13,National Internet Friends Day,1,National Internet Friends Day
2,February,13,National Tortellini Day,2,National Tortellini Day
2,February,13,National Wingman Day,2,National Wingman Day
2,February,13,Self-Love Day,2,Self Love Day ; Self-Love Day
2,February,13,World Radio Day,2,World Radio Day
2,February,14,Autism Sunday,2,Autism Sunday
2,February,14,Congenital Heart Defect Awareness Day,1,Congenital Heart Defect Awareness Day
2,February,14,Frederick Douglass Day,1,Frederick Douglass Day
2,February,14,Gold Heart Day,1,Gold Heart Day
2,February,14,International Book Giving Day,2,International Book Giving Day
2,February,14,League of Women Voters Day,2,League of Women Voters Day
2,February,14,Library Lovers Day,2,Library Lovers Day ; Library Lovers' Day
2,February,14,Lui-Ngai-Ni Festival,1,Lui-Ngai-Ni Festival
2,February,14,Mother's Day Norway,1,Mother's Day Norway
2,February,14,National Black Literacy Day,1,National Black Literacy Day
2,February,14,National Call in Single Day,2,National Call in Single Day ; National Call-in Single Day
2,February,14,National Chance Day,1,National Chance Day
2,February,14,National Condom Day,1,National Condom Day
2,February,14,National Cream-Filled Chocolate Day,1,National Cream-Filled Chocolate Day
2,February,14,National Cream-Filled Chocolates Day,1,National Cream-Filled Chocolates Day
2,February,14,National Donor Day,1,National Donor Day
2,February,14,National Ferris Wheel Day,2,National Ferris Wheel Day
2,February,14,National Football Hangover Day,1,National Football Hangover Day
2,February,14,National Have a Heart Day,3,Have a Heart Day ; National Have a Heart Day
2,February,14,National Homegating Day,1,National Homegating Day
2,February,14,National Impotence Day,1,National Impotence Day
2,February,14,Pet Theft Awareness Day,2,Pet Theft Awareness Day
2,February,14,Quirkyalone Day,2,Quirkyalone Day
2,February,14,Rafik Hariri Memorial Day,1,Rafik Hariri Memorial Day
2,February,14,Read to Your Child Day,2,Read to Your Child Day
2,February,14,Statehood Day in Arizona,1,Statehood Day in Arizona
2,February,14,Super Bowl Sunday,1,Super Bowl Sunday
2,February,14,Super Chicken Wing Day,2,Super Chicken Wing Day
2,February,14,Valentine's Day,1,Valentine's Day
2,February,14,World Bonobo Day,1,World Bonobo Day
2,February,14,World Marriage Day,2,World Marriage Day
2,February,14,World Sound Healing Day,1,World Sound Healing Day
2,February,15,Annoy Squidward Day,1,Annoy Squidward Day
2,February,15,Daisy Gatson Bates Day,2,Daisy Gatson Bates Day
2,February,15,Day of Ashakalia,1,Day of Ashakalia
2,February,15,Family Day,1,Family Day
2,February,15,International Angelman Day,1,International Angelman Day
2,February,15,International Childhood Cancer Day,1,International Childhood Cancer Day
2,February,15,Islander Day,2,Islander Day
2,February,15,Liberation Day Afghanistan,1,Liberation Day Afghanistan
2,February,15,Louis Riel Day,1,Louis Riel Day
2,February,15,Love Reset Day,1,Love Reset Day
2,February,15,Lui-Ngai-Ni,1,Lui-Ngai-Ni
2,February,15,National Black Girl Magic Day,2,National Black Girl Magic Day
2,February,15,National Flag of Canada Day,1,National Flag of Canada Day
2,February,15,National Football Hangover Day,1,National Football Hangover Day
2,February,15,National Gumdrop Day,3,National Gumdrop Day
2,February,15,National I Want Butterscotch Day,1,National I Want Butterscotch Day
2,February,15,National Poop Day,1,National Poop Day
2,February,15,National Wisconsin Day,1,National Wisconsin Day
2,February,15,Nova Scotia Heritage Day,1,Nova Scotia Heritage Day
2,February,15,Parinirvana Day,2,Parinirvana Day
2,February,15,Presidents' Day,1,Presidents' Day
2,February,15,Remember the Maine Day,2,Remember the Maine Day
2,February,15,Sick of Food Waste Day,1,Sick of Food Waste Day
2,February,15,Singles Awareness Day,2,Singles Awareness Day
2,February,15,Sovereignty Day of Serbia,1,Sovereignty Day of Serbia
2,February,15,St. Skeletor's Day,2,St. Skeletor's Day
2,February,15,Susan B Anthony Day,2,Susan B Anthony Day ; Susan B. Anthony Day
2,February,15,The Day of Illustrious Puerto Ricans,1,The Day of Illustrious Puerto Ricans
2,February,15,Total Defense Day,1,Total Defense Day
2,February,15,World Hippo Day,1,World Hippo Day
2,February,16,Day of Restoration of the State of Lithuania,1,Day of Restoration of the State of Lithuania
2,February,16,Elizabeth Peratrovich Day,2,Elizabeth Peratrovich Day
2,February,16,Innovation Day,2,Innovation Day
2,February,16,Janan Luwum Day,1,Janan Luwum Day
2,February,16,Kyoto Protocol Day,2,Kyoto Protocol Day
2,February,16,National Almond Day,2,National Almond Day
2,February,16,National Do a Grouch a Favor Day,3,Do a Grouch a Favor Day ; National Do a Grouch a Favor Day
2,February,16,National Tim Tam Day,2,National Tim Tam Day ; Tim Tam Day
2,February,16,Nova Scotia Heritage Day,1,Nova Scotia Heritage Day
2,February,16,Travel Africa Day,1,Travel Africa Day
2,February,17,Analog to Digital TV Day,2,Analog to Digital TV Day
2,February,17,Champion Crab Races Day,1,Champion Crab Races Day
2,February,17,February 17th Revolution,1,February 17th Revolution
2,February,17,Global Tourism Resilience Day,1,Global Tourism Resilience Day
2,February,17,Kosovo Independence Day,1,Kosovo Independence Day
2,February,17,Libyan Revolution Day,1,Libyan Revolution Day
2,February,17,My Way Day,2,My Way Day
2,February,17,National Cabbage Day,1,National Cabbage Day
2,February,17,National Cafe au Lait Day,1,National Cafe au Lait Day
2,February,17,National Public Science Day,1,National Public Science Day
2,February,17,National Random Acts of Kindness Day,3,National Random Acts of Kindness Day
2,February,17,National Tennis Pro Day,2,National Tennis Pro Day
2,February,17,Simplot Games,1,Simplot Games
2,February,17,Who Shall I Be Day,2,Who Shall I Be Day
2,February,17,World Human Spirit Day,2,World Human Spirit Day
2,February,18,Cow Milked While Flying in an Airplane Day,2,Cow Milked While Flying in an Airplane Day
2,February,18,Gambia Independence Day,1,Gambia Independence Day
2,February,18,Great American Spit Out,1,Great American Spit Out
2,February,18,Hockey Stick Salute Day,1,Hockey Stick Salute Day
2,February,18,National Battery Day,3,National Battery Day
2,February,18,National Crab Stuffed Flounder Day,2,National Crab Stuffed Flounder Day
2,February,18,National Drink Wine Day,2,National Drink Wine Day
2,February,18,National Eat Ice Cream for Breakfast Day,1,National Eat Ice Cream for Breakfast Day
2,February,18,Pluto Day,2,Pluto Day
2,February,18,Thumb Appreciation Day,2,Thumb Appreciation Day
2,February,18,World Anthropology Day,1,World Anthropology Day
2,February,18,World Cholangiocarcinoma Day,1,World Cholangiocarcinoma Day
2,February,19,Constantin Brancusi Day,2,Constantin Brancusi Day
2,February,19,Iwo Jima Day,1,Iwo Jima Day
2,February,19,National Airboat Day,1,National Airboat Day
2,February,19,National Arabian Horse Day,1,National Arabian Horse Day
2,February,19,National Caregivers Day,2,National Caregivers Day
2,February,19,National Chocolate Mint Day,3,National Chocolate Mint Day
2,February,19,National Lash Day,2,National Lash Day
2,February,19,National Vet Girls ROCK Day,1,National Vet Girls ROCK Day
2,February,19,National Whippet Day,1,National Whippet Day
2,February,19,No One Eats Alone Day,1,No One Eats Alone Day
2,February,19,Prevent Plagiarism Day,2,Prevent Plagiarism Day
2,February,19,Shivaji Jayanti,1,Shivaji Jayanti
2,February,19,Skate Shop Day,1,Skate Shop Day
2,February,19,Tug of War Day,3,International Tug of War Day ; International Tug-of-War Day ; Tug of War Day
2,February,19,U.S. Coast Guard Reserve Birthday,2,U.S. Coast Guard Reserve Birthday
2,February,19,World Care Day,1,World Care Day
2,February,20,Adelaide Fringe,1,Adelaide Fringe
2,February,20,Clean Out Your Bookcase Day,1,Clean Out Your Bookcase Day
2,February,20,Guru Ravidas Jayanti,1,Guru Ravidas Jayanti
2,February,20,Hoodie Hoo Day,1,Hoodie Hoo Day
2,February,20,International Pipe Smoking Day,1,International Pipe Smoking Day
2,February,20,Lantern Festival,1,Lantern Festival
2,February,20,Lantern Festival Taiwan,1,Lantern Festival Taiwan
2,February,20,Maghi Purnima,1,Maghi Purnima
2,February,20,Mizoram State Day,1,Mizoram State Day
2,February,20,National Cherry Pie Day,2,National Cherry Pie Day
2,February,20,National Comfy Day,2,National Comfy Day
2,February,20,National Day of Solidarity with Muslim Arab and South Asian Immigrants,2,"National Day of Solidarity with Muslim Arab and South Asian Immigrants ; National Day of Solidarity with Muslim, Arab, and South Asian Immigrants"
2,February,20,National Handcuff Day,1,National Handcuff Day
2,February,20,National Leadership Day,1,National Leadership Day
2,February,20,National Love Your Pet Day,3,National Love Your Pet Day
2,February,20,National Muffin Day,2,National Muffin Day
2,February,20,National Red Sock Day,1,National Red Sock Day
2,February,20,National Student Volunteer Day,1,National Student Volunteer Day
2,February,20,National Whistleblower Reward Day,1,National Whistleblower Reward Day
2,February,20,Navam Full Moon Poya Day,1,Navam Full Moon Poya Day
2,February,20,No Politics Day,1,No Politics Day
2,February,20,Statehood Day of Arunachal Pradesh,1,Statehood Day of Arunachal Pradesh
2,February,20,Tourism Day,1,Tourism Day
2,February,20,Women in Blue Jeans Days,1,Women in Blue Jeans Days
2,February,20,World Day of Social Justice,1,World Day of Social Justice
2,February,20,World Pangolin Day,2,World Pangolin Day
2,February,21,Birth Anniversary of His Majesty the King,1,Birth Anniversary of His Majesty the King
2,February,21,Card Reading Day,2,Card Reading Day
2,February,21,Daytona Pole Day,1,Daytona Pole Day
2,February,21,Father Lini Day,1,Father Lini Day
2,February,21,Floating Lantern Festival,1,Floating Lantern Festival
2,February,21,International Mother Language Day,2,International Mother Language Day
2,February,21,King Harald V's Day,1,King Harald V's Day
2,February,21,Language Day,1,Language Day
2,February,21,Language Movement Day,1,Language Movement Day
2,February,21,Lantern Festival,1,Lantern Festival
2,February,21,Makha Bucha Day,1,Makha Bucha Day
2,February,21,Mental Health Nurses Day,1,Mental Health Nurses Day
2,February,21,National Grain Free Day,2,National Grain Free Day
2,February,21,National Sticky Bun Day,3,National Sticky Bun Day
2,February,21,NBA All Star Game,1,NBA All Star Game
2,February,21,Robert Gabriel Mugabe National Youth Day,1,Robert Gabriel Mugabe National Youth Day
2,February,21,Weedless Wednesday,1,Weedless Wednesday
2,February,21,World Whale Day,2,World Whale Day
2,February,22,2Twenty2 Day,1,2Twenty2 Day
2,February,22,Day of Fraternity and Cohesion,1,Day of Fraternity and Cohesion
2,February,22,European Day for Victims of Crime,1,European Day for Victims of Crime
2,February,22,Founders Day Scouts,1,Founders Day Scouts
2,February,22,National Be Humble Day,2,Be Humble Day ; National Be Humble Day
2,February,22,National California Day,1,National California Day
2,February,22,National Cook a Sweet Potato Day,2,National Cook a Sweet Potato Day
2,February,22,National Heart Valve Disease Awareness Day,1,National Heart Valve Disease Awareness Day
2,February,22,National Margarita Day,2,National Margarita Day
2,February,22,National Recreational Sports and Fitness Day,2,National Recreational Sports and Fitness Day ; Recreational Sports & Fitness Day
2,February,22,National Single Tasking Day,3,National Single Tasking Day ; Single Tasking Day
2,February,22,National Walk Your Dog Day,1,National Walk Your Dog Day
2,February,22,National Walking the Dog Day,1,National Walking the Dog Day
2,February,22,Play More Cards Day,1,Play More Cards Day
2,February,22,St. Lucia Independence Day,1,Independence Day Saint Lucia ; St. Lucia Independence Day
2,February,22,Supermarket Employee Day,1,Supermarket Employee Day
2,February,22,Tex Avery Day,1,Tex Avery Day
2,February,22,Woolworth's Day,1,Woolworth's Day
2,February,22,World Thinking Day,2,World Thinking Day
2,February,22,World Yoga Day,1,World Yoga Day
2,February,23,Curling Is Cool Day,2,Curling Is Cool Day
2,February,23,Defender of the Fatherland Day,1,Defender of the Fatherland Day
2,February,23,Diesel Engine Day,2,Diesel Engine Day
2,February,23,Emperor's Birthday Japan,1,Emperor's Birthday Japan
2,February,23,Guyana Republic Day,1,Guyana Republic Day
2,February,23,National Alycat Day,1,National Alycat Day
2,February,23,National Banana Bread Day,2,National Banana Bread Day
2,February,23,National Day Brunei,1,National Day Brunei
2,February,23,National Dog Biscuit Day,3,International Dog Biscuit Appreciation Day ; National Dog Biscuit Day
2,February,23,National Hospitality Workers Appreciation Day,2,National Hospitality Workers Appreciation Day
2,February,23,National Play Tennis Day,2,National Play Tennis Day
2,February,23,National Rationalization Day,1,National Rationalization Day
2,February,23,National Rudy Day,1,National Rudy Day
2,February,23,National Tile Day,1,National Tile Day
2,February,23,National Tootsie Roll Day,2,National Tootsie Roll Day
2,February,23,Pinocchio Day,1,Pinocchio Day
2,February,23,World Peace and Understanding Day,2,World Peace and Understanding Day ; World Understanding and Peace Day
2,February,23,World Spay Day,2,World Spay Day
2,February,24,DiscoverE Girl Day,1,DiscoverE Girl Day
2,February,24,Dragobete,1,Dragobete
2,February,24,Edward Dickinson Baker Day,2,Edward Dickinson Baker Day
2,February,24,Estonia Independence Day,1,Estonia Independence Day
2,February,24,Flag Day Mexico,1,Flag Day Mexico
2,February,24,I Hate Coriander Day,2,I Hate Coriander Day ; International I Hate Coriander Day
2,February,24,Inconvenience Yourself Day,2,Inconvenience Yourself Day
2,February,24,Launceston Cup,1,Launceston Cup
2,February,24,National Steakburger Day,1,National Steakburger Day
2,February,24,National Tortilla Chip Day,3,National Tortilla Chip Day
2,February,24,National Trading Card Day,2,National Trading Card Day
2,February,24,Pink Shirt Day,2,Pink Shirt Day ; Pink Shirt Day Canada
2,February,24,Sweden Finns Day,1,Sweden Finns Day
2,February,24,Twin Peaks Day,2,Twin Peaks Day
2,February,24,Whooping Crane Festival,1,Whooping Crane Festival
2,February,24,World Bartender Day,3,World Bartender Day
2,February,25,Choiseul Province Day,1,Choiseul Province Day
2,February,25,Day of Liberation and Innovation,1,Day of Liberation and Innovation
2,February,25,Digital Learning Day,1,Digital Learning Day
2,February,25,EDSA Revolution Holiday,1,EDSA Revolution Holiday
2,February,25,Introduce A Girl To Engineering Day,1,Introduce A Girl To Engineering Day
2,February,25,Kuwait National Day,1,Kuwait National Day
2,February,25,Let's All Eat Right Day,2,Let's All Eat Right Day
2,February,25,National Billy Day,1,National Billy Day
2,February,25,National Chili Day,2,National Chili Day
2,February,25,National Chocolate Covered Nut Day,2,National Chocolate Covered Nut Day
2,February,25,National Clam Chowder Day,2,National Clam Chowder Day
2,February,25,National Toast Day,1,National Toast Day
2,February,25,People Power Revolution,1,People Power Revolution
2,February,25,Pistol Patent Day,2,Pistol Patent Day
2,February,25,Quiet Day,1,Quiet Day
2,February,25,Soviet Occupation Day,2,Soviet Occupation Day
2,February,25,Texas Cowboy Poetry Week,1,Texas Cowboy Poetry Week
2,February,26,Black Lives Matter Day,1,Black Lives Matter Day
2,February,26,Carnival Day,1,Carnival Day
2,February,26,For Pete's Sake Day,2,For Pete's Sake Day
2,February,26,Hong Kong Arts Festival,1,Hong Kong Arts Festival
2,February,26,International Stand Up to Bullying Day,1,International Stand Up to Bullying Day
2,February,26,Introduce A Girl To Engineering Day,1,Introduce A Girl To Engineering Day
2,February,26,Kuwait Liberation Day,1,Kuwait Liberation Day
2,February,26,Letter to an Elder Day,2,Letter to an Elder Day
2,February,26,Levi Strauss Day,2,Levi Strauss Day
2,February,26,National Carpe Diem Day,2,Carpe Diem Day ; National Carpe Diem Day
2,February,26,National Pistachio Day,3,National Pistachio Day
2,February,26,Skip the Straw Day,2,Skip the Straw Day
2,February,26,Tell a Fairy Tale Day,1,Tell a Fairy Tale Day
2,February,26,Thermos Bottle Day,1,Thermos Bottle Day
2,February,26,Work Your Proper Hours Day,1,Work Your Proper Hours Day
2,February,26,Yukon Heritage Day,1,Yukon Heritage Day
2,February,27,Anosmia Awareness Day,1,Anosmia Awareness Day
2,February,27,Dominican Republic Independence Day,1,Dominican Republic Independence Day
2,February,27,International Polar Bear Day,3,International Polar Bear Day
2,February,27,International Sword Swallower's Day,1,International Sword Swallower's Day
2,February,27,International Sword Swallowers Day,1,International Sword Swallowers Day
2,February,27,International Tongue Twister Contest Day,1,International Tongue Twister Contest Day
2,February,27,Khachapuri Day,1,Khachapuri Day
2,February,27,National Kahlua Day,1,National Kahlua Day
2,February,27,National Pokemon Day,2,National Pokemon Day
2,February,27,National Protein Day,1,National Protein Day
2,February,27,National Strawberry Day,2,National Strawberry Day
2,February,27,No Brainer Day,1,No Brainer Day
2,February,27,Open That Bottle Night,2,Open That Bottle Night
2,February,27,Retro Day,2,Retro Day
2,February,27,Special Operations Forces Day,1,Special Operations Forces Day
2,February,27,The Big Breakfast Day,1,The Big Breakfast Day
2,February,27,World NGO Day,2,World NGO Day
2,February,28,228 Memorial Day,1,228 Memorial Day
2,February,28,Andalusia Day,1,Andalusia Day
2,February,28,Car Keys and Small Change Day,1,Car Keys and Small Change Day
2,February,28,Fasching,1,Fasching
2,February,28,Global Scouse Day,1,Global Scouse Day
2,February,28,International Repetitive Strain Injury Awareness Day,1,International Repetitive Strain Injury Awareness Day
2,February,28,Linus Pauling Day,2,Linus Pauling Day
2,February,28,Martyrdom of Imam Ali,1,Martyrdom of Imam Ali
2,February,28,National Chocolate Souffle Day,1,National Chocolate Souffle Day
2,February,28,National Customized Wheel and Tire Day,2,National Customized Wheel and Tire Day
2,February,28,National Essay Day,2,National Essay Day
2,February,28,National Floral Design Day,3,Floral Design Day ; National Floral Design Day
2,February,28,National Pancake Day,1,National Pancake Day
2,February,28,National Public Sleeping Day,1,National Public Sleeping Day
2,February,28,National Science Day,2,National Science Day
2,February,28,National Vegan Lipstick Day,1,National Vegan Lipstick Day
2,February,28,Rare Disease Day,2,Rare Disease Day
2,February,28,US Snow Shoe Day,1,US Snow Shoe Day
3,March,1,Baba Marta,2,Baba Marta ; Baba Marta Day
3,March,1,Casimir Pulaski Day,2,Casimir Pulaski Day
3,March,1,Endometriosis Awareness Day,2,Endometriosis Awareness Day
3,March,1,National Horse Protection Day,2,National Horse Protection Day
3,March,1,Plan a Solo Vacation Day,2,Plan a Solo Vacation Day
3,March,1,St. David's Day,2,St. David's Day
3,March,1,World Seagrass Day,2,World Seagrass Day
3,March,1,World Tennis Day,2,World Tennis Day
3,March,1,Zero Discrimination Day,2,Zero Discrimination Day
3,March,2,International Rescue Cat Day,2,International Rescue Cat Day
3,March,2,National Banana Cream Pie Day,2,National Banana Cream Pie Day
3,March,2,National Egg McMuffin Day,2,National Egg McMuffin Day
3,March,2,National Town Meeting Day,2,National Town Meeting Day
3,March,2,Toddle Waddle,2,Toddle Waddle
3,March,2,World Teen Mental Wellness Day,2,World Teen Mental Wellness Day
3,March,3,Caregiver Appreciation Day,2,Caregiver Appreciation Day
3,March,3,Peach Blossom Day,2,Peach Blossom Day
3,March,3,Soup it Forward Day,2,Soup It Forward Day ; Soup it Forward Day
3,March,3,World Hearing Day,2,World Hearing Day
3,March,3,World Wildlife Day,2,World Wildlife Day
3,March,4,Brain Injury Awareness Day,2,Brain Injury Awareness Day
3,March,4,HPV Awareness Day,2,HPV Awareness Day
3,March,4,National Dance The Waltz Day,2,National Dance The Waltz Day
3,March,4,National Hug a G.I. Day,3,Hug a G.I. Day ; National Hug a G.I. Day
3,March,4,National Pound Cake Day,2,National Pound Cake Day
3,March,4,National Sons Day,2,National Sons Day
3,March,4,World Obesity Day,2,World Obesity Day
3,March,5,National Absinthe Day,2,National Absinthe Day
3,March,5,National Cheese Doodle Day,2,National Cheese Doodle Day
3,March,5,National Potty Dance Day,2,National Potty Dance Day
3,March,5,Reel Film Day,2,Reel Film Day
3,March,5,St. Piran's Day,2,St. Piran's Day
3,March,6,National Dentist's Day,3,Dentist Day ; National Dentist Day ; National Dentist's Day
3,March,6,National Dress Day,2,National Dress Day
3,March,6,National Oreo Cookie Day,2,National Oreo Cookie Day
3,March,6,National White Chocolate Cheesecake Day,2,National White Chocolate Cheesecake Day
3,March,7,National Cereal Day,3,National Cereal Day
3,March,7,National Crown Roast of Pork Day,2,National Crown Roast of Pork Day
3,March,7,National Sock Monkey Day,3,National Sock Monkey Day ; Sock Monkey Day
3,March,7,Plant Power Day,2,Plant Power Day
3,March,8,Be Nasty Day,2,Be Nasty Day
3,March,8,National Oregon Day,2,National Oregon Day
3,March,8,National Proofreading Day,2,National Proofreading Day
3,March,9,Bang Clang Day,2,Bang Clang Day
3,March,9,National American Paddlefish Day,2,National American Paddlefish Day
3,March,9,National Barbie Day,2,National Barbie Day
3,March,9,National Meatball Day,2,National Meatball Day
3,March,10,Harriet Tubman Day,2,Harriet Tubman Day
3,March,10,Histotechnology Professionals Day,2,Histotechnology Professionals Day
3,March,10,International Bagpipe Day,2,International Bagpipe Day
3,March,10,International Day of Awesomeness,2,International Day Of Awesomeness ; International Day of Awesomeness
3,March,10,International Day of Women Judges,2,International Day of Women Judges
3,March,10,National Mario Day,3,Mario Day ; National Mario Day
3,March,10,Salvation Army Day,2,Salvation Army Day
3,March,11,Key Deer Awareness Day,2,Key Deer Awareness Day
3,March,11,National 311 Day,2,311 Day ; National 311 Day
3,March,11,National Funeral Director and Mortician Recognition Day,2,National Funeral Director and Mortician Recognition Day
3,March,11,National Payton Slaymaker Day,2,National Payton Slaymaker Day
3,March,11,World Day of Muslim Culture Peace Dialogue and Film,2,"World Day of Muslim Culture Peace Dialogue and Film ; World Day of Muslim Culture, Peace, Dialogue and Film"
3,March,11,World Plumbing Day,2,World Plumbing Day
3,March,12,National Alfred Hitchcock Day,2,Alfred Hitchcock Day ; National Alfred Hitchcock Day
3,March,12,National Baked Scallops Day,2,National Baked Scallops Day
3,March,12,National Girl Scout Day,2,National Girl Scout Day
3,March,12,National Plant a Flower Day,3,National Plant a Flower Day
3,March,12,World Glaucoma Day,2,World Glaucoma Day
3,March,13,IUGR Awareness Day,2,IUGR Awareness Day
3,March,13,L. Ron Hubbard Day,2,L. Ron Hubbard Day
3,March,13,National Jewel Day,2,National Jewel Day
3,March,13,National K9 Veterans Day,2,K-9 Veterans Day ; National K9 Veterans Day
3,March,13,Smart & Sexy Day,2,Smart & Sexy Day ; Smart and Sexy Day
3,March,14,Bake a Pie in Solidarity Day,2,Bake a Pie in Solidarity Day
3,March,14,Crowdfunding Day,2,Crowdfunding Day
3,March,14,Dog Theft Awareness Day,2,Dog Theft Awareness Day
3,March,14,International Day of Action For Rivers,2,International Day of Action For Rivers ; International Day of Action for Rivers
3,March,14,International Day of Mathematics,2,International Day of Mathematics
3,March,14,National Learn About Butterflies Day,2,National Learn About Butterflies Day
3,March,14,National Potato Chip Day,2,National Potato Chip Day
3,March,15,Buzzards Day,2,Buzzards Day
3,March,15,Ides of March,2,Ides of March
3,March,15,International Day of Action Against Canadian Seal Slaughter,2,International Day of Action Against Canadian Seal Slaughter
3,March,15,International Redefining Wealth Day,2,International Redefining Wealth Day
3,March,15,National Everything You Think is Wrong Day,2,Everything You Think Is Wrong Day ; National Everything You Think is Wrong Day
3,March,15,National Shoe The World Day,2,National Shoe the World Day ; National Shoe The World Day
3,March,15,Pears Helene Day,2,Pears Helene Day
3,March,15,True Confessions Day,2,True Confessions Day
3,March,15,World Speech Day,2,World Speech Day
3,March,16,Black Press Day,2,Black Press Day
3,March,16,National Curl Crush Day,2,Curl Crush Day ; National Curl Crush Day
3,March,16,National Lips Appreciation Day,2,Lips Appreciation Day ; National Lips Appreciation Day
3,March,16,National No Selfies Day,2,National No Selfies Day ; No Selfies Day
3,March,16,National Panda Day,2,National Panda Day
3,March,16,Robert Goddard Day,2,Robert Goddard Day
3,March,17,Camp Fire Girls day,2,Camp Fire Girls day ; Camp Fire Girls Day
3,March,17,Doctor Patient Trust Day,2,Doctor Patient Trust Day ; Doctor-Patient Trust Day
3,March,17,Evacuation Day in Boston,2,Evacuation Day in Boston
3,March,17,National Corned Beef and Cabbage Day,2,National Corned Beef and Cabbage Day
3,March,17,Saint Gertrude of Nivelles Day,2,Saint Gertrude of Nivelles Day
3,March,18,Forgive Mom & Dad Day,2,Forgive Mom & Dad Day ; Forgive Mom and Dad Day
3,March,18,Global Recycling Day,2,Global Recycling Day
3,March,18,Goddess Of Fertility Day,2,Goddess of Fertility Day ; Goddess Of Fertility Day
3,March,18,National Awkward Moments Day,2,Awkward Moments Day ; National Awkward Moments Day
3,March,18,National Lacy Oatmeal Cookie Day,2,National Lacy Oatmeal Cookie Day
3,March,18,Transit Driver Appreciation Day,2,Transit Driver Appreciation Day
3,March,19,International Read To Me Day,2,International Read To Me Day
3,March,19,National Automatic Door Day,2,National Automatic Door Day
3,March,19,National Let's Laugh Day,2,National Let's Laugh Day
3,March,19,National Poultry Day,3,National Poultry Day
3,March,19,National Stretch Mark Day,2,National Stretch Mark Day
3,March,19,Operation Iraqi Freedom Day,2,Operation Iraqi Freedom Day
3,March,20,French Language Day,2,French Language Day
3,March,20,International Day of Happiness,2,International Day of Happiness
3,March,20,March Equinox,2,March Equinox
3,March,20,National Alien Abduction Day,2,Alien Abduction Day ; National Alien Abduction Day
3,March,20,National Macaron Day,3,National Macaron Day
3,March,20,National Native HIV/AIDS Awareness Day,2,National Native HIV/AIDS Awareness Day
3,March,20,National Proposal Day,2,National Proposal Day
3,March,20,World Flour Day,2,World Flour Day
3,March,20,World Oral Health Day,2,World Oral Health Day
3,March,20,World Storytelling Day,2,World Storytelling Day
3,March,21,International Day for the Elimination of Racial Discrimination,2,International Day for the Elimination of Racial Discrimination
3,March,21,National Common Courtesy Day,2,National Common Courtesy Day
3,March,21,National Fragrance Day,2,International Fragrance Day ; National Fragrance Day
3,March,21,National Teenager Day,2,National Teenager Day
3,March,21,World Down Syndrome Day,2,World Down Syndrome Day
3,March,21,World Poetry Day,2,World Poetry Day
3,March,21,World Puppetry Day,2,World Puppetry Day
3,March,22,As Young As You Feel Day,2,As Young As You Feel Day
3,March,22,Bavarian Crepes Day,2,Bavarian Crepes Day
3,March,22,Gryffindor Pride Day,2,Gryffindor Pride Day
3,March,22,International Seal Day,2,International Day of the Seal ; International Seal Day
3,March,22,National Goof Off Day,3,International Goof-off Day ; National Goof Off Day
3,March,22,Talk Like William Shatner Day,2,Talk Like William Shakespeare Day ; Talk Like William Shatner Day
3,March,22,World Water Day,2,World Water Day
3,March,23,Atheist Day,2,Atheist Day
3,March,23,Cuddly Kitten Day,2,Cuddly Kitten Day
3,March,23,National Melba Toast Day,2,Melba Toast Day ; National Melba Toast Day
3,March,23,National Puppy Day,3,National Puppy Day
3,March,23,National Tamale Day,2,National Tamale Day
3,March,23,World Meteorological Day,2,World Meteorological Day
3,March,24,International Day For Achievers,2,International Day For Achievers ; International Day for Achievers
3,March,24,National Adverse Drug Event Awareness Day,2,National Adverse Drug Event Awareness Day
3,March,24,National Cheesesteak Day,3,National Cheesesteak Day
3,March,24,National Chocolate Covered Raisin Day,2,National Chocolate Covered Raisin Day
3,March,24,National Each Person is A Person of Worth Day,2,National Each Person Is A Person of Worth Day ; National Each Person is A Person of Worth Day
3,March,24,World Tuberculosis Day,2,World Tuberculosis Day
3,March,25,Bed-in for Peace Day,2,Bed-in for Peace Day
3,March,25,International Waffle Day,3,International Waffle Day
3,March,25,Maryland Day,2,Maryland Day
3,March,25,Tolkien Reading Day,3,Tolkien Reading Day
3,March,26,Air Max Day,2,Air Max Day
3,March,26,Good Hair Day,2,Good Hair Day
3,March,26,Live Long and Prosper Day,2,Live Long and Prosper Day
3,March,26,National Spinach Day,2,National Spinach Day
3,March,27,National Acoustic Soul Day,2,National Acoustic Soul Day
3,March,27,National Medical Science Liaison Awareness and Appreciation Day,2,International Medical Science Liaison Day ; National Medical Science Liaison Awareness and Appreciation Day
3,March,27,Scribble Day,2,International Scribble Day ; Scribble Day
3,March,27,World Theatre Day,2,World Theatre Day
3,March,28,Barnum & Bailey Day,2,Barnum & Bailey Day
3,March,28,National Black Forest Cake Day,2,National Black Forest Cake Day
3,March,28,National Something On a Stick Day,3,National Something On a Stick Day ; National Something on a Stick Day
3,March,28,National Triglycerides Day,2,National Triglycerides Day
3,March,28,National Weed Appreciation Day,2,National Weed Appreciation Day
3,March,28,Virtual Advocacy Day,2,Virtual Advocacy Day
3,March,29,Knights of Columbus Founders Day,2,Knights of Columbus Founders Day
3,March,29,National Lemon Chiffon Cake Day,2,National Lemon Chiffon Cake Day
3,March,29,National Mom and Pop Business Owners Day,2,National Mom and Pop Business Owners Day
3,March,29,Niagara Falls Runs Dry Day,2,Niagara Falls Runs Dry Day
3,March,29,Texas Loves the Children Day,2,Texas Loves the Children Day
3,March,29,World Piano Day,2,World Piano Day
3,March,30,Grass is Always Browner on the Other Side of the Fence Day,2,Grass is Always Browner on the Other Side of the Fence Day
3,March,30,National Doctors Day,2,Doctors' Day ; National Doctors Day
3,March,30,National Fitness Recovery Day,2,National Fitness Recovery Day
3,March,30,National Virtual Vacation Day,2,National Virtual Vacation Day
3,March,30,Torrents Day,2,Torrents Day
3,March,30,Turkey Neck Soup Day,2,Turkey Neck Soup Day
3,March,30,World Bipolar Day,2,World Bipolar Day
3,March,30,World Tb-303 Appreciation day,2,World Tb-303 Appreciation day ; World TB-303 Appreciation Day
3,March,31,Dance Marathon Day,2,Dance Marathon Day
3,March,31,National Après Day,2,National Après Day
3,March,31,National Bunsen Burner Day,2,Bunsen Burner Day ; National Bunsen Burner Day
3,March,31,National Crayon Day,2,National Crayon Day
3,March,31,National Farm Workers Day,2,National Farm Workers Day
3,March,31,National She's Funny That Way Day,2,National She's Funny That Way Day ; She's Funny That Way Day
3,March,31,Transfer Day,2,Transfer Day
3,March,31,Transgender Day of Visibility,2,International Transgender Day of Visibility ; Transgender Day of Visibility
3,March,31,World Backup Day,2,World Backup Day
4,April,1,Boomer Bonus Day,2,Boomer Bonus Day ; Boomer Bonus Days
4,April,1,International Tatting Day,2,International Tatting Day
4,April,1,National Fun Day,2,Fun Day ; National Fun Day
4,April,1,National One Cent Day,2,National One Cent Day
4,April,1,National Trombone Players Day,2,National Trombone Players Day
4,April,1,Reading is Funny Day,2,Reading is Funny Day ; Reading Is Funny Day
4,April,1,Take Down Tobacco National Day of Action,2,Take Down Tobacco National Day of Action
4,April,2,International Children's Book Day,2,Children's Picture Book Day ; International Children's Book Day
4,April,2,International Fact-Checking Day,2,International Fact-Checking Day
4,April,2,National Employee Benefits Day,2,National Employee Benefits Day
4,April,2,National Ferret Day,2,National Ferret Day
4,April,2,National Love Your Produce Manager Day,2,National Love Your Produce Manager Day
4,April,2,National Peanut Butter and Jelly Day,2,National Peanut Butter and Jelly Day
4,April,2,National Reconciliation Day,2,National Reconciliation Day
4,April,2,Pascua Florida Day,2,Pascua Florida Day
4,April,3,American Circus Day,2,American Circus Day
4,April,3,Don't Go to Work Unless it's Fun Day,2,Don't Go to Work Unless It's Fun Day ; Don't Go to Work Unless it's Fun Day
4,April,3,Fish Fingers and Custard Day,2,Fish Fingers and Custard Day
4,April,3,National Inspiring Joy Day,2,National Inspiring Joy Day
4,April,3,Pony Express Day,2,Pony Express Day
4,April,3,World Party Day,2,World Party Day
4,April,4,404 Day,2,404 Day
4,April,4,International Carrot Day,2,International Carrot Day
4,April,4,National Cordon Bleu Day,2,National Chicken Cordon Bleu Day ; National Cordon Bleu Day
4,April,4,National Vitamin C Day,2,National Vitamin C Day ; Vitamin C Day
4,April,4,World Rat Day,2,World Rat Day
4,April,5,Accelerate ACL Awareness Among Young Women Day,2,Accelerate ACL Awareness Among Young Women Day
4,April,5,First Contact Day,2,First Contact Day
4,April,5,Gold Star Spouses Day,2,Gold Star Spouses Day
4,April,5,International Day of Conscience,2,International Day of Conscience
4,April,5,National Deep Dish Pizza Day,2,National Deep Dish Pizza Day
4,April,5,National Peeps Day,2,National Peeps Day
4,April,6,Army Day,2,Army Day
4,April,6,Bohring-Opitz Syndrome Day,2,Bohring-Opitz Syndrome Day
4,April,6,National Acai Bowl Day,2,National Acai Bowl Day
4,April,6,National Carbonara Day,2,National Carbonara Day
4,April,6,National Student-Athlete Day,2,National Student Athlete Day ; National Student-Athlete Day
4,April,6,National Tartan Day,2,National Tartan Day ; Tartan Day
4,April,6,National Teflon Day,2,National Teflon Day
4,April,6,National Twinkie Day,2,National Twinkie Day
4,April,7,International Beaver Day,2,International Beaver Day
4,April,7,Metric System Day,2,Metric System Day
4,April,7,National Beer Day,2,National Beer Day
4,April,7,National Coffee Cake Day,2,National Coffee Cake Day
4,April,7,National Girl Me Too Day,2,"Girl, Me Too Day ; National Girl Me Too Day"
4,April,7,National No Housework Day,3,National No Housework Day
4,April,7,World Health Day,2,World Health Day
4,April,8,Draw a Bird Day,2,Draw a Bird Day ; Draw a Picture of a Bird Day
4,April,8,International Pageant Day,2,International Pageant Day
4,April,8,National All is Ours Day,2,National All is Ours Day
4,April,8,National Dog Fighting Awareness Day,2,National Dog Fighting Awareness Day
4,April,8,National Zoo Lovers Day,2,National Zoo Lovers Day
4,April,8,Step Into the Spotlight Day,2,Step Into the Spotlight Day
4,April,9,Appomattox Day,2,Appomattox Day
4,April,9,International ASMR Day,2,International ASMR Day
4,April,9,Jumbo Day,2,Jumbo Day
4,April,9,National Cherish an Antique Day,2,National Cherish an Antique Day ; National Cherish An Antique Day
4,April,9,National Chinese Almond Cookie Day,2,National Chinese Almond Cookie Day
4,April,9,National Former Prisoner Of War Recognition Day,2,National Former Prisoner Of War Recognition Day ; National Former Prisoner of War Recognition Day
4,April,9,National Mature Women's Day,2,National Mature Women's Day
4,April,9,Vimy Ridge Day,2,Vimy Ridge Day
4,April,10,Global Work From Home Day,2,Global Work From Home Day
4,April,10,International Safety Pin Day,2,International Safety Pin Day
4,April,10,National Hug Your Dog Day,2,National Hug Your Dog Day
4,April,10,National Siblings Day,3,National Siblings Day
4,April,10,National Youth HIV and AIDS Awareness Day,2,National Youth HIV and AIDS Awareness Day
4,April,10,World Homeopathy Day,2,World Homeopathy Day
4,April,11,Dog Therapy Appreciation Day,2,Dog Therapy Appreciation Day
4,April,11,National Clean Up Your Pantry Day,2,National Clean Up Your Pantry Day
4,April,11,National Parkinson's Day,2,National Parkinson's Day ; World Parkinson's Day
4,April,11,National Pet Day,2,National Pet Day
4,April,11,National Poutine Day,2,National Poutine Day
4,April,11,National Submarine Day,2,National Submarine Day
4,April,12,International Day for Street Children,2,International Day for Street Children
4,April,12,National Big Wind Day,2,Big Wind Day ; National Big Wind Day
4,April,12,National Grilled Cheese Day,2,National Grilled Cheese Day ; National Grilled Cheese Sandwich Day
4,April,12,National Only Child Day,2,National Only Child Day
4,April,12,Yuri's Night,2,Yuri's Night
4,April,13,FND Awareness Day,2,FND Awareness Day ; International FND Awareness Day
4,April,13,International Plant Appreciation Day,2,International Plant Appreciation Day
4,April,13,International Special Librarians Day,2,International Special Librarians Day
4,April,13,National Make Lunch Count Day,2,National Make Lunch Count Day
4,April,13,National Peach Cobbler Day,2,National Peach Cobbler Day
4,April,13,National Scrabble Day,3,National Scrabble Day
4,April,13,National Silly Earring Day,2,National Silly Earring Day
4,April,13,National Thomas Jefferson Day,2,National Thomas Jefferson Day ; Thomas Jefferson Day
4,April,14,Children with Alopecia Day,2,Children with Alopecia Day
4,April,14,National Dolphin Day,2,National Dolphin Day
4,April,14,National Look Up at the Sky Day,3,National Look Up at the Sky Day ; National Look Up to the Sky Day
4,April,14,National Pecan Day,2,National Pecan Day ; Pecan Day
4,April,15,Father Damien Day,2,Father Damien Day
4,April,15,International Microvolunteering Day,2,International Microvolunteering Day
4,April,15,Jackie Robinson Day,2,Jackie Robinson Day
4,April,15,McDonald's Day,2,McDonald's Day
4,April,15,National ASL Day,2,National ASL Day
4,April,15,National Laundry Day,2,National Laundry Day
4,April,15,One Boston Day,2,One Boston Day
4,April,16,National Bean Counter Day,2,National Bean Counter Day
4,April,16,National Eggs Benedict Day,2,National Eggs Benedict Day
4,April,16,National Healthcare Decisions Day,2,National Healthcare Decisions Day
4,April,16,National Orchid Day,2,National Orchid Day
4,April,16,Selena Day,2,Selena Day
4,April,16,World Semicolon Day,2,World Semicolon Day
4,April,17,Herbalist Day,2,Herbalist Day
4,April,17,International Bat Appreciation Day,2,International Bat Appreciation Day
4,April,17,Malbec Day,2,Malbec Day ; Malbec World Day
4,April,17,National Ford Mustang Day,2,Ford Mustang Day ; National Ford Mustang Day
4,April,17,No Limits for Deaf Children Day,2,No Limits for Deaf Children Day
4,April,17,Nothing Like A Dame Day,2,Nothing Like A Dame Day ; There's Nothing Like a Dame Day
4,April,17,World Hemophilia Day,2,World Hemophilia Day
4,April,18,National Lineman Appreciation Day,2,Lineman Appreciation Day ; National Lineman Appreciation Day
4,April,18,National Velociraptor Awareness Day,3,National Velociraptor Awareness Day
4,April,18,World Amateur Radio Day,2,International Amateur Radio Day ; World Amateur Radio Day
4,April,19,National Amaretto Day,2,National Amaretto Day
4,April,19,National Cat Lady Day,2,National Cat Lady Day
4,April,19,National Garlic Day,3,National Garlic Day
4,April,19,National Hanging Out Day,2,National Hanging Out Day
4,April,20,Chinese Language Day,2,Chinese Language Day ; UN Chinese Language Day
4,April,20,International Cli-Fi Day,2,International Cli-Fi Day
4,April,20,National Cheddar Fries Day,3,National Cheddar Fries Day
4,April,20,National Death Doula Day,2,National Death Doula Day
4,April,20,National Look-Alike Day,2,Look Alike Day ; National Look-Alike Day
4,April,20,National Pineapple Upside-Down Cake Day,2,National Pineapple Upside-Down Cake Day
4,April,20,Volunteer Recognition Day,2,Volunteer Recognition Day
4,April,21,National Bulldogs Are Beautiful Day,2,National Bulldogs Are Beautiful Day
4,April,21,National Chocolate Covered Cashews Day,2,National Chocolate Covered Cashews Day
4,April,21,National Tea Day,2,National Tea Day
4,April,21,World Creativity and Innovation Day,2,World Creativity and Innovation Day
4,April,21,World Curlew Day,2,World Curlew Day
4,April,22,Earth Day,2,Earth Day
4,April,22,In God We Trust Day,2,In God We Trust Day
4,April,22,National Jelly Bean Day,3,National Jelly Bean Day
4,April,22,National Pinup Day,2,National Pinup Day
4,April,23,National English Muffin Day,2,National English Muffin Day
4,April,23,National Picnic Day,3,National Picnic Day
4,April,23,National Sovereignty and Children's Day,2,National Sovereignty and Children's Day
4,April,23,National Talk Like Shakespeare Day,2,National Talk Like Shakespeare Day ; Talk Like Shakespeare Day
4,April,23,St. George's Day,2,St. George's Day
4,April,23,World Table Tennis Day,2,World Table Tennis Day
4,April,24,International Day of Multilateralism and Diplomacy for Peace,2,International Day of Multilateralism and Diplomacy for Peace
4,April,24,National Pet Care for All Day,2,National Pet Care for All Day
4,April,24,National Pigs in a Blanket Day,2,National Pigs in a Blanket Day
4,April,24,New Kids on the Block Day,2,New Kids on the Block Day
4,April,24,Scream Day,2,Scream Day
4,April,24,World Day for Animals in Laboratories,2,World Day For Animals In Laboratories ; World Day for Animals in Laboratories
4,April,25,National DNA Day,2,National DNA Day
4,April,25,National Hug a Plumber Day,2,National Hug a Plumber Day
4,April,25,National Lingerie Day,2,National Lingerie Day
4,April,25,National Mani-Pedi Day,2,National Mani-Pedi Day
4,April,25,World Malaria Day,2,World Malaria Day
4,April,25,World Penguin Day,2,World Penguin Day
4,April,26,Alien Day,2,Alien Day
4,April,26,Get Organized Day,2,Get Organized Day
4,April,26,Hug an Australian Day,2,Hug an Australian Day
4,April,26,International Chernobyl Disaster Remembrance Day,2,International Chernobyl Disaster Remembrance Day
4,April,26,National Help A Horse Day,2,National Help A Horse Day
4,April,26,National Kids and Pets Day,2,National Kids and Pets Day
4,April,26,National Pretzel Day,3,National Pretzel Day
4,April,26,World Burlesque Day,2,World Burlesque Day
4,April,27,Babe Ruth Day,2,Babe Ruth Day
4,April,27,Marine Mammal Rescue Day,2,Marine Mammal Rescue Day
4,April,27,Morse Code Day,2,Morse Code Day
4,April,27,National Little Pampered Dog Day,2,National Little Pampered Dog Day
4,April,27,National Prime Rib Day,2,National Prime Rib Day
4,April,27,National Tell A Story Day,2,National Tell A Story Day
4,April,27,World Design Day,2,World Design Day
4,April,27,World Tapir Day,2,World Tapir Day
4,April,28,Clean Comedy Day,2,Clean Comedy Day
4,April,28,Global Pay It Forward Day,2,Global Pay It Forward Day
4,April,28,Kiss Your Mate Day,2,Kiss Your Mate Day
4,April,28,National Blueberry Pie Day,3,National Blueberry Pie Day
4,April,28,National Cubicle Day,2,National Cubicle Day
4,April,28,National Superhero Day,2,National Superhero Day
4,April,28,Save the Frogs Day,2,Save The Frogs Day ; Save the Frogs Day
4,April,28,World Day for Safety and Health at Work,2,World Day for Safety and Health at Work
4,April,29,International Dance Day,2,International Dance Day
4,April,29,National Zipper Day,3,National Zipper Day
4,April,29,Viral Video Day,2,Viral Video Day
4,April,29,We Jump The World Day,2,We Jump The World Day
4,April,29,World Wish Day,2,World Wish Day
4,April,30,International Jazz Day,3,International Jazz Day
4,April,30,National Adopt A Shelter Pet Day,2,National Adopt A Shelter Pet Day ; National Adopt a Shelter Pet Day
4,April,30,National Bubble Tea Day,2,National Bubble Tea Day
4,April,30,National Bugs Bunny Day,2,National Bugs Bunny Day
4,April,30,National Mahjong Day,2,National Mahjong Day
4,April,30,National Mr. Potato Head Day,2,Mr. Potato Head Day ; National Mr. Potato Head Day
4,April,30,National Oatmeal Cookie Day,2,National Oatmeal Cookie Day
4,April,30,Walpurgis Night,2,Walpurgis Night
5,May,1,Couple Appreciation Day,2,Couple Appreciation Day
5,May,1,Global Love Day,2,Global Love Day
5,May,1,National Mother Goose Day,2,Mother Goose Day ; National Mother Goose Day
5,May,1,National No Pants Day,2,National No Pants Day
5,May,1,National Purebred Dog Day,2,National Purebred Dog Day
5,May,1,National Space Day,2,National Space Day
5,May,1,Save The Rhino Day,2,Save The Rhino Day ; Save the Rhino Day
5,May,1,School Principals' Day,2,School Principals' Day
5,May,2,Baby Day,2,Baby Day
5,May,2,Beer Pong Day,2,Beer Pong Day
5,May,2,Free Comic Book Day,2,Free Comic Book Day
5,May,2,Harry Potter Day,2,Harry Potter Day ; International Harry Potter Day
5,May,2,Kentucky Derby,2,Kentucky Derby
5,May,2,National Brothers and Sisters Day,2,National Brothers and Sisters Day
5,May,2,National Fitness Day,2,National Fitness Day
5,May,3,AAPI Women's Equal Pay Day,2,AAPI Women's Equal Pay Day
5,May,3,International Wild Koala Day,2,International Wild Koala Day
5,May,3,National Lemonade Day,2,National Lemonade Day
5,May,3,National Paranormal Day,2,National Paranormal Day
5,May,3,Sun Day,2,Sun Day
5,May,3,World Laughter Day,2,World Laughter Day
5,May,4,Anti-Bullying Day,2,Anti-Bullying Day
5,May,4,Dave Brubeck Day,2,Dave Brubeck Day
5,May,4,International Firefighters Day,2,International Firefighters Day ; International Firefighters' Day
5,May,4,National Orange Juice Day,3,National Orange Juice Day
5,May,4,National Renewal Day,2,National Renewal Day
5,May,4,Petite and Proud Day,2,Petite and Proud Day ; Petite And Proud Day
5,May,4,Star Wars Day,3,Star Wars Day
5,May,5,Childhood Depression Awareness Day,2,Childhood Depression Awareness Day
5,May,5,International Midwives Day,2,International Midwives Day ; International Midwives' Day
5,May,5,National Astronaut Day,2,National Astronaut Day
5,May,5,National Cartoonists Day,2,National Cartoonists Day
5,May,5,National Hoagie Day,2,National Hoagie Day
5,May,5,World Asthma Day,2,World Asthma Day
5,May,5,World Portuguese Language Day,2,World Portuguese Language Day
5,May,6,International No Diet Day,2,International No Diet Day
5,May,6,National Beverage Day,2,National Beverage Day
5,May,6,National Nurses Day,2,National Nurses Day
5,May,6,National School Nurse Day,2,National School Nurse Day ; School Nurse Day
5,May,6,National Tourist Appreciation Day,2,National Tourist Appreciation Day
5,May,6,Occupational Safety and Health Professional Day,2,Occupational Safety and Health Professional Day
5,May,7,Make a Book Day,2,Make a Book Day
5,May,7,National Children's Mental Health Awareness Day,2,Children's Mental Health Awareness Day ; National Children's Mental Health Awareness Day
5,May,7,National Cosmopolitan Day,2,National Cosmopolitan Day
5,May,7,National Roast Leg of Lamb Day,2,National Roast Leg of Lamb Day
5,May,7,National Tourism Day,2,National Tourism Day
5,May,7,World Password Day,2,World Password Day
5,May,8,Child Care Provider Day,2,Child Care Provider Day
5,May,8,Free Trade Day,2,Free Trade Day
5,May,8,National Have a Coke Day,3,National Have a Coke Day
5,May,8,National Military Spouse Appreciation Day,2,National Military Spouse Appreciation Day
5,May,8,National Public Gardens Day,2,National Public Gardens Day
5,May,8,No Socks Day,2,No Socks Day
5,May,8,World Donkey Day,2,World Donkey Day
5,May,8,World Ovarian Cancer Day,2,World Ovarian Cancer Day
5,May,9,Archery Day,2,Archery Day
5,May,9,National Lost Sock Memorial Day,2,Lost Sock Memorial Day ; National Lost Sock Memorial Day
5,May,9,National Moscato Day,2,National Moscato Day
5,May,9,National Train Day,2,National Train Day
5,May,9,National Windmill Day,2,National Windmill Day
5,May,9,Stay Up All Night Day,2,Stay Up All Night Day
5,May,9,World Belly Dance Day,2,World Belly Dance Day
5,May,10,International Day of Argania,2,International Day of Argania
5,May,10,Mother Ocean Day,2,Mother Ocean Day
5,May,10,National Ship Via Rail Day,2,National Ship Via Rail Day
5,May,10,National Shrimp Day,3,National Shrimp Day
5,May,10,One Day Without Shoes,2,One Day Without Shoes ; One Day Without Shoes Day
5,May,10,Trust Your Intuition Day,2,Trust Your Intuition Day
5,May,10,World Lupus Day,2,World Lupus Day
5,May,11,Hostess CupCake Day,2,Hostess CupCake Day
5,May,11,National Eat What You Want Day,2,National Eat What You Want Day
5,May,11,National Foam Rolling Day,2,National Foam Rolling Day
5,May,11,National Technology Day,2,National Technology Day
5,May,11,National Twilight Zone Day,2,National Twilight Zone Day ; Twilight Zone Day
5,May,11,National Women's Checkup Day,2,National Women's Checkup Day
5,May,11,World Ego Awareness Day,2,World Ego Awareness Day
5,May,12,International Day of Plant Health,2,International Day of Plant Health
5,May,12,International Nurses Day,2,International Nurses Day
5,May,12,National Fibromyalgia Awareness Day,2,Fibromyalgia Awareness Day ; National Fibromyalgia Awareness Day
5,May,12,National Limerick Day,3,National Limerick Day
5,May,12,National Mental Health Provider Appreciation Day,2,National Mental Health Provider Appreciation Day
5,May,12,National Nutty Fudge Day,2,National Nutty Fudge Day
5,May,13,International Hummus Day,2,International Hummus Day
5,May,13,National Apple Pie Day,2,National Apple Pie Day
5,May,13,National Crouton Day,2,National Crouton Day
5,May,13,National Frog Jumping Day,3,National Frog Jumping Day
5,May,13,National Leprechaun Day,2,Leprechaun Day ; National Leprechaun Day
5,May,13,Top Gun Day,2,Top Gun Day
5,May,14,Ascension Day,2,Ascension Day
5,May,14,International Chihuahua Appreciation Day,2,International Chihuahua Appreciation Day
5,May,14,International Dylan Thomas Day,2,International Dylan Thomas Day
5,May,14,National Buttermilk Biscuit Day,2,National Buttermilk Biscuit Day
5,May,14,National Dance Like a Chicken Day,3,Dance Like a Chicken Day ; National Dance Like a Chicken Day
5,May,14,National Decency Day,2,National Decency Day
5,May,14,Online Romance Day,2,Online Romance Day
5,May,14,Stars and Stripes Forever Day,2,Stars and Stripes Forever Day ; The Stars and Stripes Forever Day
5,May,15,International Day of Families,2,International Day of Families
5,May,15,National Bike to Work Day,2,National Bike to Work Day
5,May,15,National Chocolate Chip Day,3,National Chocolate Chip Day
5,May,15,National NASCAR Day,2,NASCAR Day ; National NASCAR Day
5,May,15,National Nylon Stocking Day,2,National Nylon Stocking Day
5,May,16,Drawing Day,2,Drawing Day
5,May,16,National Learn to Swim Day,2,National Learn to Swim Day ; National Learn To Swim Day
5,May,16,National Love a Tree Day,3,National Love a Tree Day
5,May,16,National Mimosa Day,2,National Mimosa Day
5,May,16,National Sea Monkey Day,2,National Sea Monkey Day
5,May,16,Plant a Lemon Tree Day,2,Plant a Lemon Tree Day
5,May,16,World Fiddle Day,2,World Fiddle Day
5,May,17,National Pack Rat Day,3,National Pack Rat Day ; Pack Rat Day
5,May,17,National Pinot Grigio Day,2,National Pinot Grigio Day ; Pinot Grigio Day
5,May,17,National Walnut Day,3,National Walnut Day
5,May,17,Stepmother's Day,2,Stepmother's Day
5,May,17,World Baking Day,2,World Baking Day
5,May,17,World Hypertension Day,2,World Hypertension Day
5,May,18,I Love Reese's Day,2,I Love Reese's Day
5,May,18,International Museum Day,2,International Museum Day
5,May,18,National Cheese Soufflé Day,2,National Cheese Soufflé Day
5,May,18,National HIV Vaccine Awareness Day,2,National HIV Vaccine Awareness Day
5,May,18,National No Dirty Dishes Day,2,National No Dirty Dishes Day
5,May,18,National Visit Your Relatives Day,2,National Visit Your Relatives Day
5,May,18,Send an Electronic Greeting Card Day,2,Send an Electronic Greeting Card Day
5,May,18,Supply Chain Professionals Day,2,Supply Chain Professionals Day
5,May,18,Victoria Day,2,Victoria Day
5,May,19,Celebrate Your Elected Officials Day,2,Celebrate Your Elected Officials Day
5,May,19,Malcolm X Day,2,Malcolm X Day
5,May,19,National Barber Mental Health Awareness Day,2,National Barber Mental Health Awareness Day
5,May,19,National Devil's Food Cake Day,2,National Devil's Food Cake Day
5,May,19,National May Ray Day,2,May Ray Day ; National May Ray Day
5,May,19,Plant Something Day,2,Plant Something Day
5,May,19,World Family Doctor Day,2,World Family Doctor Day
5,May,20,Clinical Trials Day,2,Clinical Trials Day ; International Clinical Trials Day
5,May,20,National Be a Millionaire Day,2,Be a Millionaire Day ; National Be a Millionaire Day
5,May,20,National Numeracy Day,2,National Numeracy Day ; National Numeracy Day UK
5,May,20,National Quiche Lorraine Day,2,National Quiche Lorraine Day
5,May,20,National Streaming Day,2,National Streaming Day
5,May,20,Weights & Measures Day,2,Weights & Measures Day ; Weights and Measures Day
5,May,20,World Bee Day,2,World Bee Day
5,May,21,Chardonnay Day,2,Chardonnay Day
5,May,21,End of the World,2,End of the World
5,May,21,Global Accessibility Awareness Day,2,Global Accessibility Awareness Day
5,May,21,I Need a Patch For That Day,2,I Need A Patch For That Day ; I Need a Patch For That Day
5,May,21,International Tea Day,2,International Tea Day
5,May,21,National Memo Day,2,National Memo Day
5,May,21,National Notebook Day,2,National Notebook Day
5,May,21,National Talk Like Yoda Day,2,National Talk Like Yoda Day ; Talk Like Yoda Day
5,May,21,World Day for Cultural Diversity,2,World Day for Cultural Diversity ; World Day for Cultural Diversity for Dialogue and Development
5,May,22,Bitcoin Pizza Day,2,Bitcoin Pizza Day
5,May,22,Don't Fry Day,2,Don't Fry Day
5,May,22,Harvey Milk Day,2,Harvey Milk Day
5,May,22,National Buy a Musical Instrument Day,3,Buy A Musical Instrument Day ; Buy a Musical Instrument Day ; National Buy a Musical Instrument Day
5,May,22,National Maritime Day,2,National Maritime Day
5,May,22,National Solitaire Day,2,National Solitaire Day
5,May,22,Sherlock Holmes Day,3,Sherlock Holmes Day
5,May,22,World Goth Day,2,World Goth Day
5,May,23,Amateur Radio Military Appreciation Day,2,Amateur Radio Military Appreciation Day
5,May,23,International Day to End Obstetric Fistula,2,International Day to End Obstetric Fistula
5,May,23,Medical Coder Day,2,Medical Coder Day
5,May,23,National Lucky Penny Day,3,Lucky Penny Day ; National Lucky Penny Day
5,May,23,National Taffy Day,2,National Taffy Day
5,May,23,World Turtle Day,2,World Turtle Day
5,May,24,Aviation Maintenance Technician Day,2,Aviation Maintenance Technician Day
5,May,24,International Tiara Day,3,International Tiara Day ; Tiara Day
5,May,24,National Brother's Day,2,Brother's Day ; National Brother's Day
5,May,24,National Escargot Day,2,National Escargot Day
5,May,24,National Scavenger Hunt Day,3,National Scavenger Hunt Day
5,May,24,Pentecost,2,Pentecost
5,May,25,Cheese Rolling Gloucester,2,Cheese Rolling Gloucester
5,May,25,Geek Pride Day,2,Geek Pride Day
5,May,25,Global Africa Day,2,Global Africa Day
5,May,25,National Brown-Bag It Day,2,National Brown-Bag It Day ; National Brown-Bag-It Day
5,May,25,National Sing Out Day,3,National Sing Out Day
5,May,25,National Tap Dance Day,2,National Tap Dance Day
5,May,25,National Wine Day,2,National Wine Day
5,May,25,Towel Day,2,Towel Day
5,May,26,National Blueberry Cheesecake Day,2,National Blueberry Cheesecake Day
5,May,26,National Cherry Dessert Day,2,National Cherry Dessert Day
5,May,26,National Paper Airplane Day,2,National Paper Airplane Day
5,May,26,National Sorry Day,2,National Sorry Day
5,May,26,Sally Ride Day,2,Sally Ride Day
5,May,26,World Dracula Day,2,World Dracula Day
5,May,26,World Lindy Hop Day,2,World Lindy Hop Day
5,May,27,National Grape Popsicle Day,2,National Grape Popsicle Day
5,May,27,National Senior Health & Fitness Day,2,National Senior Health & Fitness Day ; National Senior Health and Fitness Day
5,May,27,National Sunscreen Day,2,National Sunscreen Day
5,May,27,Nothing to Fear Day,2,Nothing to Fear Day
5,May,27,Old Time Player Piano Day,2,Old Time Player Piano Day ; Old-Time Player Piano Day
5,May,27,World Otter Day,2,World Otter Day
5,May,28,Amnesty International Day,2,Amnesty International Day
5,May,28,National Brisket Day,2,National Brisket Day
5,May,28,National Hamburger Day,3,National Hamburger Day
5,May,28,Republic Day in Azerbaijan,2,Founding of the Democratic Republic of Azerbaijan ; Republic Day in Azerbaijan
5,May,28,World Hunger Day,2,World Hunger Day
5,May,28,World Passion Fruit Martini Day,2,World Passion Fruit Martini Day
5,May,29,Learn About Composting Day,2,Learn About Composting Day
5,May,29,National Alligator Day,2,National Alligator Day
5,May,29,National Biscuit Day,3,National Biscuit Day
5,May,29,National Heat Awareness Day,2,National Heat Awareness Day
5,May,29,National Paperclip Day,2,National Paperclip Day
5,May,29,Put a Pillow on your Fridge Day,2,Put a Pillow on your Fridge Day
5,May,29,World Digestive Health Day,2,World Digestive Health Day
5,May,30,Loomis Day,2,Loomis Day
5,May,30,National E-Bike Day,2,National E-Bike Day
5,May,30,National Hole In My Bucket Day,2,National Hole In My Bucket Day
5,May,30,National Mint Julep Day,3,National Mint Julep Day
5,May,31,National Autonomous Vehicle Day,2,Autonomous Vehicle Day ; National Autonomous Vehicle Day
5,May,31,National Macaroon Day,3,National Macaroon Day
5,May,31,National Save Your Hearing Day,2,National Save Your Hearing Day
5,May,31,National Utah Day,2,National Utah Day
5,May,31,Necrotizing Fasciitis Awareness Day,2,Necrotizing Fasciitis Awareness Day
5,May,31,Trinity Sunday,2,Trinity Sunday
5,May,31,Web Designer Day,2,Web Designer Day
5,May,31,What You Think Upon Grows Day,2,What You Think Upon Grows Day
6,June,1,Intergenerational Day,2,Intergenerational Day
6,June,1,National Billboard Day,2,National Billboard Day
6,June,1,National Nail Polish Day,2,National Nail Polish Day
6,June,1,National Skincare Education Day,2,National Skincare Education Day
6,June,1,Stand For Children Day,2,Stand For Children Day
6,June,1,Statehood Day in Kentucky,2,Statehood Day in Kentucky
6,June,1,World Milk Day,2,World Milk Day
6,June,2,American Indian Citizenship Day,2,American Indian Citizenship Day
6,June,2,National Bubba Day,2,National Bubba Day
6,June,2,National I Love My Dentist Day,2,National I Love My Dentist Day
6,June,2,National Rocky Road Day,2,National Rocky Road Day
6,June,2,National Rotisserie Chicken Day,2,National Rotisserie Chicken Day
6,June,2,Republic Day Italy,2,Republic Day Italy
6,June,3,Insect Repellent Awareness Day,2,Insect Repellent Awareness Day
6,June,3,Love Conquers All Day,2,Love Conquers All Day
6,June,3,Mabo Day,2,Mabo Day
6,June,3,National Chocolate Macaroon Day,2,National Chocolate Macaroon Day
6,June,3,National Egg Day,2,National Egg Day
6,June,3,National Repeat Day,2,National Repeat Day ; Repeat Day
6,June,3,World Cider Day,2,World Cider Day
6,June,4,Audacity To Hope Day,2,Audacity To Hope Day
6,June,4,International Corgi Day,2,International Corgi Day
6,June,4,International Day of Innocent Children Victims of Aggression,2,International Day of Innocent Children Victims of Aggression
6,June,4,National Cheese Day,3,National Cheese Day
6,June,4,National Christian T-Shirt Day,2,National Christian T-Shirt Day
6,June,4,National Cognac Day,2,National Cognac Day
6,June,4,National Hug Your Cat Day,3,Hug Your Cat Day ; National Hug Your Cat Day
6,June,4,National SAFE Day,2,National SAFE Day
6,June,5,Hot Air Balloon Day,3,Hot Air Balloon Day
6,June,5,National Gingerbread Day,2,National Gingerbread Day
6,June,5,National Veggie Burger Day,2,National Veggie Burger Day
6,June,5,World Environment Day,2,World Environment Day
6,June,6,National Applesauce Cake Day,2,National Applesauce Cake Day
6,June,6,National Caves and Karst Day,2,Caves and Karst Day ; National Caves and Karst Day
6,June,6,National Drive-In Movie Day,2,National Drive-In Movie Day
6,June,6,National Higher Education Day,2,National Higher Education Day
6,June,6,Queensland Day,2,Queensland Day
6,June,7,June Bug Day,2,June Bug Day
6,June,7,National Chocolate Ice Cream Day,3,National Chocolate Ice Cream Day
6,June,7,National VCR Day,3,National VCR Day
6,June,7,World Caring Day,2,World Caring Day
6,June,7,World Food Safety Day,2,World Food Safety Day
6,June,8,National Best Friends Day,3,National Best Friends Day
6,June,8,National Name Your Poison Day,2,Name Your Poison Day ; National Name Your Poison Day
6,June,8,National Upsy Daisy Day,2,National Upsy Daisy Day ; Upsy Daisy Day
6,June,8,World Oceans Day,2,World Oceans Day
6,June,9,International Dark 'n Stormy® Day,2,International Dark 'n Stormy® Day
6,June,9,National Donald Duck Day,3,Donald Duck Day ; National Donald Duck Day
6,June,9,National Meal Prep Day,2,National Meal Prep Day
6,June,9,National Strawberry Rhubarb Pie Day,2,National Strawberry Rhubarb Pie Day
6,June,10,EHS Day,2,EHS Day
6,June,10,National Ballpoint Pen Day,2,National Ballpoint Pen Day
6,June,10,National Bed Bug Prevention Day,2,National Bed Bug Prevention Day
6,June,10,National Black Cow Day,2,National Black Cow Day
6,June,10,National Egg Roll Day,2,National Egg Roll Day
6,June,10,National Herbs and Spices Day,2,National Herbs and Spices Day
6,June,10,National Iced Tea Day,3,National Iced Tea Day
6,June,11,King Kamehameha Day,2,King Kamehameha Day
6,June,11,National Corn on the Cob Day,3,National Corn on the Cob Day
6,June,11,National German Chocolate Cake Day,2,National German Chocolate Cake Day
6,June,11,National Making Life Beautiful Day,2,National Making Life Beautiful Day
6,June,11,Yarn Bombing Day,2,International Yarn Bombing Day ; Yarn Bombing Day
6,June,12,Child Labor Day,2,Child Labor Day ; World Day Against Child Labor
6,June,12,National Button Battery Awareness Day,2,National Button Battery Awareness Day
6,June,12,National Great Dane Day,2,National Great Dane Day
6,June,12,National Loving Day,2,National Loving Day
6,June,12,National Red Rose Day,3,National Red Rose Day ; Red Rose Day
6,June,12,Russia Day,2,Russia Day
6,June,13,Feast of St. Anthony,2,Feast of St. Anthony
6,June,13,National Kitchen Klutzes of America Day,2,National Kitchen Klutzes of America Day
6,June,13,National Random Acts of Light Day,2,National Random Acts of Light Day ; Random Acts of Light Day
6,June,13,National Sewing Machine Day,2,National Sewing Machine Day
6,June,13,National Weed Your Garden Day,2,National Weed Your Garden Day
6,June,14,Army Birthday,2,Army Birthday
6,June,14,Falkland Islands Liberation Day,2,Falkland Islands Liberation Day
6,June,14,International Bath Day,3,International Bath Day
6,June,14,National Flag Day,2,Flag Day ; National Flag Day
6,June,14,National New Mexico Day,2,National New Mexico Day
6,June,14,National Pop Goes The Weasel Day,2,National Pop Goes The Weasel Day
6,June,14,National Strawberry Shortcake Day,2,National Strawberry Shortcake Day
6,June,15,Beer Day Britain,2,Beer Day Britain
6,June,15,Nature Photography Day,3,Nature Photography Day
6,June,15,Sneak A Kiss Day,2,Sneak A Kiss Day ; Sneak a Kiss Day
6,June,15,World Elder Abuse Awareness Day,2,World Elder Abuse Awareness Day
6,June,16,Arborist Appreciation Day,2,Arborist Appreciation Day
6,June,16,Fresh Veggies Day,2,Fresh Veggies Day
6,June,16,International Day of the African Child,2,International Day of the African Child
6,June,16,National Fudge Day,2,National Fudge Day
6,June,16,World Sea Turtle Day,2,World Sea Turtle Day
6,June,17,Bunker Hill Day,2,Bunker Hill Day
6,June,17,National Apple Strudel Day,3,National Apple Strudel Day
6,June,17,National Eat Your Vegetables Day,3,National Eat Your Vegetables Day
6,June,17,National Mascot Day,2,National Mascot Day
6,June,17,National Stewart's Root Beer Day,2,National Stewart's Root Beer Day
6,June,17,World Day to Combat Desertification and Drought,2,World Day to Combat Desertification and Drought
6,June,17,World Tessellation Day,2,World Tessellation Day
6,June,18,Clean Your Aquarium Day,2,Clean Your Aquarium Day
6,June,18,International Picnic Day,2,International Picnic Day
6,June,18,National Black America's Day of Repentance,2,National Black America's Day of Repentance
6,June,18,National Panic Day,2,International Panic Day ; National Panic Day
6,June,18,National Splurge Day,2,National Splurge Day
6,June,18,Sustainable Gastronomy Day,2,Sustainable Gastronomy Day
6,June,19,International Box Day,2,International Box Day
6,June,19,National Pets in Film Day,2,National Pets in Film Day
6,June,19,National Watch Day,2,National Watch Day
6,June,19,World Sauntering Day,2,World Sauntering Day
6,June,19,World Sickle Cell Day,2,World Sickle Cell Day
6,June,20,American Eagle Day,2,American Eagle Day
6,June,20,Flag Day Argentina,2,Flag Day Argentina ; Flag Day in Argentina
6,June,20,National Kouign Amann Day,2,Kouign Amann Day ; National Kouign Amann Day
6,June,20,World Productivity Day,2,World Productivity Day
6,June,21,Go Skateboarding Day,2,Go Skateboarding Day
6,June,21,International Yoga Day,2,International Yoga Day
6,June,21,National Cookie Dough Day,2,National Cookie Dough Day
6,June,21,National Daylight Appreciation Day,2,National Daylight Appreciation Day
6,June,21,National Peaches and Cream Day,2,National Peaches 'N' Cream Day ; National Peaches and Cream Day
6,June,21,National Selfie Day,2,National Selfie Day
6,June,21,National Smoothie Day,2,National Smoothie Day
6,June,21,World Music Day,2,World Day of Music ; World Music Day
6,June,22,B Day Kinder,2,B Day Kinder ; B Kinder Day
6,June,22,National Chocolate Eclair Day,2,National Chocolate Eclair Day
6,June,22,National HVAC Tech Day,2,National HVAC Tech Day
6,June,22,National Kissing Day,2,National Kissing Day
6,June,22,National Limoncello Day,2,National Limoncello Day
6,June,22,Positive Media Day,2,Positive Media Day
6,June,22,World Rainforest Day,2,World Rainforest Day
6,June,23,International Widows Day,2,International Widows Day ; International Widows' Day
6,June,23,International Women in Engineering Day,2,International Women in Engineering Day
6,June,23,National Detroit Style Pizza Day,2,National Detroit Style Pizza Day ; National Detroit-Style Pizza Day
6,June,23,National Hydration Day,2,National Hydration Day
6,June,23,National Pecan Sandies Day,2,National Pecan Sandies Day
6,June,23,National Porridge Day,2,National Porridge Day
6,June,23,National Typewriter Day,3,National Typewriter Day
6,June,23,Public Service Day,2,Public Service Day ; United Nations Public Service Day
6,June,24,International Fairy Day,2,International Fairy Day
6,June,24,National Pralines Day,2,National Pralines Day
6,June,24,Swim a Lap Day,2,Swim a Lap Day
6,June,25,Global Beatles Day,2,Global Beatles Day
6,June,25,International Day of the Seafarer,2,International Day of the Seafarer
6,June,25,National Catfish Day,2,National Catfish Day
6,June,25,National Strawberry Parfait Day,2,National Strawberry Parfait Day
6,June,25,Please Take My Children to Work Day,2,Please Take My Children to Work Day
6,June,26,National Canoe Day,2,National Canoe Day
6,June,26,National Chocolate Pudding Day,2,National Chocolate Pudding Day
6,June,26,World Refrigeration Day,2,World Refrigeration Day
6,June,27,Helen Keller Day,2,Helen Keller Day
6,June,27,National HIV Testing Day,2,National HIV Testing Day
6,June,27,National Onion Day,2,National Onion Day
6,June,27,National Sunglasses Day,2,National Sunglasses Day
6,June,27,National Women's Fly Fishing Day,2,National Women's Fly Fishing Day
6,June,27,PTSD Awareness Day,2,PTSD Awareness Day
6,June,28,Christopher Street Day,2,Christopher Street Day
6,June,28,National Logistics Day,2,National Logistics Day
6,June,28,National Paul Bunyan Day,2,National Paul Bunyan Day ; Paul Bunyan Day
6,June,28,National Tapioca Day,2,National Tapioca Day
6,June,29,Hug Holiday,2,Hug Holiday
6,June,29,International Fisherman Day,2,International Fisherman Day
6,June,29,International Mud Day,2,International Mud Day
6,June,29,National Almond Buttercrunch Day,2,National Almond Buttercrunch Day
6,June,29,National Camera Day,2,National Camera Day
6,June,29,National Dieselbilly Day,2,National Dieselbilly Day
6,June,29,National Waffle Iron Day,2,National Waffle Iron Day
6,June,30,International Asteroid Day,2,International Asteroid Day
6,June,30,National Corvette Day,2,National Corvette Day
6,June,30,National Meteor Watch Day,2,National Meteor Watch Day
6,June,30,Social Media Day,3,Social Media Day
7,July,1,American Zoo Day,2,American Zoo Day
7,July,1,International Chicken Wing Day,2,International Chicken Wing Day
7,July,1,International Reggae Day,2,International Reggae Day
7,July,1,National Creative Ice Cream Flavors Day,2,National Creative Ice Cream Flavors Day
7,July,1,National Financial Freedom Day,2,National Financial Freedom Day
7,July,1,National Gingersnap Day,2,National Gingersnap Day
7,July,1,National Postal Workers Day,2,National Postal Workers Day
7,July,2,Made In The USA Day,2,Made In The USA Day
7,July,2,National Anisette Day,2,National Anisette Day
7,July,2,National I Forgot Day,2,I Forgot Day ; National I Forgot Day
7,July,2,Special Recreation for the Disabled Day,2,Special Recreation for the Disabled Day
7,July,2,World UFO Day,2,World UFO Day
7,July,3,Air Conditioning Appreciation Day,2,Air Conditioning Appreciation Day
7,July,3,American Redneck Day,2,American Redneck Day
7,July,3,International Plastic Bag Free Day,2,International Plastic Bag Free Day
7,July,3,National Chocolate Wafer Day,2,National Chocolate Wafer Day
7,July,3,National Eat Your Beans Day,2,National Eat Your Beans Day
7,July,3,National Fried Clam Day,2,National Fried Clam Day
7,July,3,National Independent Beer Run Day,2,National Independent Beer Run Day
7,July,3,National Stay Out of the Sun Day,2,National Stay Out of the Sun Day
7,July,3,V.I. Emancipation Day,2,V.I. Emancipation Day
7,July,4,Alice in Wonderland Day,2,Alice in Wonderland Day
7,July,4,Independence From Meat Day,2,Independence From Meat Day
7,July,4,Jackfruit Day,2,Jackfruit Day
7,July,4,National Barbecued Spareribs Day,2,National Barbecued Spareribs Day
7,July,4,National Caesar Salad Day,2,National Caesar Salad Day
7,July,4,National Hillbilly Day,2,National Hillbilly Day
7,July,5,Mechanical Pencil Day,2,Mechanical Pencil Day
7,July,5,National Apple Turnover Day,2,National Apple Turnover Day
7,July,5,National Bikini Day,3,National Bikini Day
7,July,5,National Graham Cracker Day,2,National Graham Cracker Day
7,July,5,National Hawaii Day,2,National Hawaii Day
7,July,5,National Workaholics Day,2,National Workaholics Day
7,July,5,Pet Remembrance Day,2,Pet Remembrance Day
7,July,6,International Kissing Day,2,International Kissing Day
7,July,6,National Air Traffic Control Day,2,National Air Traffic Control Day
7,July,6,National Fried Chicken Day,2,National Fried Chicken Day
7,July,6,National Hand Roll Day,2,National Hand Roll Day
7,July,6,Take Your Webmaster to Lunch Day,2,Take Your Webmaster to Lunch Day
7,July,6,Virtually Hug a Virtual Assistant Day,2,Virtually Hug a Virtual Assistant Day
7,July,7,Global Forgiveness Day,2,Global Forgiveness Day
7,July,7,National Day of Rock 'n' Roll,2,National Day of Rock 'n' Roll
7,July,7,National Dive Bar Day,2,National Dive Bar Day
7,July,7,National Dora Day,2,National Dora Day
7,July,7,National Koi Day,2,National Koi Day
7,July,7,National Macaroni Day,2,National Macaroni Day
7,July,7,National Strawberry Sundae Day,2,National Strawberry Sundae Day
7,July,7,World Chocolate Day,3,World Chocolate Day
7,July,8,Be a Kid Again Day,2,Be a Kid Again Day
7,July,8,Math 2.0 Day,2,Math 2.0 Day
7,July,8,National Blueberry Day,2,National Blueberry Day
7,July,8,National Chocolate with Almonds Day,2,National Chocolate with Almonds Day
7,July,8,National Freezer Pop Day,2,National Freezer Pop Day
7,July,8,National Ice Cream Sundae Day,2,National Ice Cream Sundae Day
7,July,8,National SCUD Day,2,National SCUD Day ; SCUD Day
7,July,8,National Video Game Day,3,National Video Game Day
7,July,9,Call of the Horizon Day,2,Call of the Horizon Day
7,July,9,Fashion Day,2,Fashion Day
7,July,9,National Don't Put all your Eggs in One Omelet Day,2,National Don't Put all your Eggs in One Omelet Day
7,July,9,National Sugar Cookie Day,3,National Sugar Cookie Day
7,July,9,Nunavut Day,2,Nunavut Day
7,July,10,Don't Step On A Bee Day,2,Don't Step On A Bee Day
7,July,10,National Kitten Day,2,National Kitten Day
7,July,10,National Piña Colada Day,3,National Piña Colada Day
7,July,11,International Essential Oils Day,2,International Essential Oils Day
7,July,11,National Blueberry Muffin Day,2,National Blueberry Muffin Day
7,July,11,National Cheer Up the Lonely Day,2,Cheer Up the Lonely Day ; National Cheer Up the Lonely Day
7,July,11,National Free Slurpee Day,2,Free Slurpee Day ; National Free Slurpee Day
7,July,11,National Mojito Day,2,National Mojito Day
7,July,11,National Swimming Pool Day,2,National Swimming Pool Day
7,July,11,World Population Day,2,World Population Day
7,July,12,Battle of the Boyne,2,Battle of the Boyne
7,July,12,Etch A Sketch Day,2,Etch A Sketch Day
7,July,12,National Eat Your Jello Day,2,National Eat Your Jello Day
7,July,12,National Pecan Pie Day,2,National Pecan Pie Day
7,July,12,National Simplicity Day,2,National Simplicity Day
7,July,12,Paper Bag Day,2,Paper Bag Day
7,July,13,Beef Tallow Day,2,Beef Tallow Day
7,July,13,Embrace Your Geekness Day,2,Embrace Your Geekness Day
7,July,13,Fool's Paradise Day,2,Fool's Paradise Day
7,July,13,National Barbershop Music Appreciation Day,2,National Barbershop Music Appreciation Day
7,July,13,National Beans 'N' Franks Day,2,National Beans 'n' Franks Day ; National Beans 'N' Franks Day
7,July,13,National Delaware Day,2,National Delaware Day
7,July,13,National Rock Day,2,International Rock Day ; National Rock Day
7,July,14,Emmeline Pankhurst Day,2,Emmeline Pankhurst Day
7,July,14,National Grand Marnier Day,2,National Grand Marnier Day
7,July,14,National Mac & Cheese Day,2,National Mac & Cheese Day ; National Mac and Cheese Day
7,July,14,National Tape Measure Day,2,National Tape Measure Day
7,July,14,Shark Awareness Day,2,Shark Awareness Day
7,July,15,National Clean Beauty Day,2,National Clean Beauty Day
7,July,15,National Gummi Worm Day,3,National Gummi Worm Day
7,July,15,National Orange Chicken Day,2,National Orange Chicken Day ; Orange Chicken Day
7,July,15,World Youth Skills Day,2,World Youth Skills Day
7,July,16,Fresh Spinach Day,2,Fresh Spinach Day
7,July,16,Guinea Pig Appreciation Day,2,Guinea Pig Appreciation Day
7,July,16,National Atomic Veterans Day,2,National Atomic Veterans Day
7,July,16,National Cherry Day,2,National Cherry Day
7,July,16,National Corn Fritters Day,2,National Corn Fritters Day
7,July,16,National Personal Chef Day,2,National Personal Chef Day
7,July,16,World Snake Day,3,World Snake Day
7,July,17,National Lottery Day,2,National Lottery Day
7,July,17,National Peach Ice Cream Day,2,National Peach Ice Cream Day
7,July,17,National Tattoo Day,2,National Tattoo Day
7,July,17,National Yellow Pig Day,2,National Yellow Pig Day ; Yellow Pig Day
7,July,17,World Day for International Justice,2,World Day for International Justice
7,July,17,World Emoji Day,3,World Emoji Day
7,July,18,Insurance Nerd Day,2,Insurance Nerd Day
7,July,18,National Caviar Day,3,National Caviar Day
7,July,18,National Sour Candy Day,2,National Sour Candy Day
7,July,18,World Listening Day,2,World Listening Day
7,July,19,Flight Attendant Safety Professionals' Day,2,Flight Attendant Safety Professionals' Day
7,July,19,International Retainer Day,2,International Retainer Day
7,July,19,National Daiquiri Day,2,National Daiquiri Day
7,July,19,National Football Day,2,National Football Day
7,July,19,National Urban Beekeeping Day,2,National Urban Beekeeping Day
7,July,20,International Chess Day,2,International Chess Day
7,July,20,National Fortune Cookie Day,2,National Fortune Cookie Day
7,July,20,National Lollipop Day,2,National Lollipop Day
7,July,20,National Moon Day,2,Moon Day ; National Moon Day
7,July,20,Space Exploration Day,3,Space Exploration Day
7,July,20,World Jump Day,2,World Jump Day
7,July,21,Invite an Alien to Live with You Day,2,Invite an Alien to Live with You Day
7,July,21,Legal Drinking Age Day,2,Legal Drinking Age Day
7,July,21,National Be Someone Day,2,National Be Someone Day
7,July,21,National Craft for your Local Shelters Day,2,National Craft for Your Local Shelters Day ; National Craft for your Local Shelters Day
7,July,21,National Junk Food Day,3,National Junk Food Day
7,July,21,National Lamington Day,2,National Lamington Day
7,July,21,Take a Monkey to Lunch Day,2,Take a Monkey to Lunch Day
7,July,22,National Fragile X Awareness Day,2,Fragile X Awareness Day ; National Fragile X Awareness Day
7,July,22,National Hammock Day,2,National Hammock Day
7,July,22,National Mango Day,2,Mango Day ; National Mango Day
7,July,22,National Penuche Fudge Day,2,National Penuche Fudge Day
7,July,22,National Rat Catcher's Day,2,National Rat Catcher's Day ; National Rat Catcher's Day
7,July,22,Pi Approximation Day,3,Pi (π) Approximation Day ; Pi Approximation Day
7,July,22,World Brain Day,2,World Brain Day
7,July,23,Hot Enough For Ya Day,2,Hot Enough For Ya Day
7,July,23,National Gorgeous Grandma Day,2,National Gorgeous Grandma Day
7,July,23,National Sprinkle Day,2,National Sprinkle Day ; Sprinkle Day
7,July,23,National Vanilla Ice Cream Day,3,National Vanilla Ice Cream Day
7,July,23,National Women Touched By Addiction Day,2,National Women Touched By Addiction Day
7,July,23,Peanut Butter and Chocolate Day,2,Peanut Butter and Chocolate Day
7,July,23,World Sjogren's Day,2,World Sjogren's Day
7,July,24,International Self Care Day,2,International Self Care Day ; International Self Care Day
7,July,24,National Amelia Earhart Day,3,Amelia Earhart Day ; National Amelia Earhart Day
7,July,24,National Cousins Day,2,National Cousins Day
7,July,24,National Drive-Thru Day,2,National Drive-Thru Day
7,July,24,National Tell An Old Joke Day,2,National Tell An Old Joke Day ; Tell An Old Joke Day
7,July,24,National Tequila Day,2,National Tequila Day
7,July,24,Pioneer Day,2,Pioneer Day
7,July,24,Samaritans Awareness Day,2,Samaritans Awareness Day
7,July,25,Carousel Day,2,Carousel Day
7,July,25,International Red Shoe Day,2,International Red Shoe Day
7,July,25,National Hire a Veteran Day,2,National Hire a Veteran Day
7,July,25,National Hot Fudge Sundae Day,2,National Hot Fudge Sundae Day
7,July,25,National Wine and Cheese Day,2,National Wine and Cheese Day
7,July,25,St James TG,2,St James TG ; St. James TG
7,July,26,Auntie's Day,2,Auntie's Day
7,July,26,Holistic Therapy Day,2,Holistic Therapy Day
7,July,26,National All or Nothing Day,2,National All or Nothing Day
7,July,26,National Aunt and Uncle Day,2,National Aunt and Uncle Day
7,July,26,National Bagelfest Day,2,National Bagelfest Day ; National BagelFest Day
7,July,26,National Disability Independence Day,2,National Disability Independence Day
7,July,26,National Dog Photography Day,2,National Dog Photography Day
7,July,27,Gary Gygax Day,2,Gary Gygax Day
7,July,27,National Chicken Finger Day,2,National Chicken Finger Day
7,July,27,National Creme Brûlée Day,2,National Creme Brûlée Day
7,July,27,National Korean War Veterans Armistice Day,2,National Korean War Veterans Armistice Day
7,July,27,National Love is Kind Day,2,National Love is Kind Day
7,July,27,National Scotch Day,2,National Scotch Day
7,July,27,National Sleepy Head Day,2,National Sleepy Head Day ; Sleepy Head Day
7,July,27,Norfolk Day,2,Norfolk Day
7,July,28,Buffalo Soldiers Day,2,Buffalo Soldiers Day
7,July,28,H.M. King's Birthday,2,H.M. King's Birthday ; King Rama X's Birthday
7,July,28,National Milk Chocolate Day,3,Milk Chocolate Day ; National Milk Chocolate Day
7,July,28,National Soccer Day,2,National Soccer Day
7,July,28,National Waterpark Day,2,National Waterpark Day ; National Waterpark Day
7,July,28,World Hepatitis Day,2,World Hepatitis Day
7,July,28,World Nature Conservation Day,2,World Nature Conservation Day
7,July,29,Cheese Sacrifice Purchase Day,2,Cheese Sacrifice Purchase Day
7,July,29,International Tiger Day,2,International Tiger Day
7,July,29,National Challenged Champions and Heroes Awareness Day,2,National Challenged Champions and Heroes Awareness Day
7,July,29,National Chicken Wing Day,2,National Chicken Wing Day
7,July,29,National Lasagna Day,3,National Lasagna Day
7,July,29,National Lipstick Day,2,National Lipstick Day
7,July,29,Rain Day,2,Rain Day
7,July,30,International Day of Friendship,2,International Day of Friendship
7,July,30,National Cheesecake Day,3,National Cheesecake Day
7,July,30,National Father-in-Law Day,2,National Father-in-Law Day
7,July,30,National Whistleblower Day,2,National Whistleblower Day
7,July,30,Paperback Book Day,2,Paperback Book Day
7,July,30,Share a Hug Day,2,Share a Hug Day
7,July,30,World Day Against Trafficking In Persons,2,World Day Against Trafficking in Persons ; World Day Against Trafficking In Persons
7,July,31,National Avocado Day,2,National Avocado Day
7,July,31,National Jump for Jelly Beans Day,2,National Jump for Jelly Beans Day
7,July,31,National Mutt Day,2,National Mutt Day
7,July,31,National Raspberry Cake Day,2,National Raspberry Cake Day
7,July,31,Uncommon Musical Instrument Day,2,Uncommon Instrument Awareness Day ; Uncommon Musical Instrument Day
7,July,31,World Ranger Day,2,World Ranger Day
8,August,1,Colorado Day,1,Colorado Day
8,August,1,Crayfish Party,1,Crayfish Party
8,August,1,International Blues Music Day,1,International Blues Music Day
8,August,1,National Disc Golf Day,1,National Disc Golf Day
8,August,1,National Girlfriends Day,1,National Girlfriends Day
8,August,1,National Mustard Day,1,National Mustard Day
8,August,1,National Raspberry Cream Pie Day,1,National Raspberry Cream Pie Day
8,August,1,National Spider-Man Day,1,National Spider-Man Day
8,August,1,World Wide Web Day,1,World Wide Web Day
8,August,2,Friendship Day in India,1,Friendship Day in India
8,August,2,Harriet Quimby Day,1,Harriet Quimby Day
8,August,2,National CAD Day,1,National CAD Day
8,August,2,National Coloring Book Day,1,National Coloring Book Day
8,August,2,National Friendship Day,1,National Friendship Day
8,August,2,National Ice Cream Sandwich Day,1,National Ice Cream Sandwich Day
8,August,2,National Sisters Day,1,National Sisters Day
8,August,2,Psychic Day,1,Psychic Day
8,August,3,Clean Your Floors Day,1,Clean Your Floors Day
8,August,3,Commerce Day,1,Commerce Day
8,August,3,Festival Monday,1,Festival Monday
8,August,3,Heritage Day in Alberta,1,Heritage Day in Alberta
8,August,3,National Grab Some Nuts Day,1,National Grab Some Nuts Day
8,August,3,National Watermelon Day,1,National Watermelon Day
8,August,3,Picnic Day NT,1,Picnic Day NT
8,August,3,Terry Fox Day,1,Terry Fox Day
8,August,4,Assistance Dog Day,1,Assistance Dog Day
8,August,4,International Clouded Leopard Day,1,International Clouded Leopard Day
8,August,4,International Owl Awareness Day,1,International Owl Awareness Day
8,August,4,National Chocolate Chip Cookie Day,1,National Chocolate Chip Cookie Day
8,August,4,National Night Out,1,National Night Out
8,August,4,National White Wine Day,1,National White Wine Day
8,August,4,Single Working Women's Day,1,Single Working Women's Day
8,August,4,U.S. Coast Guard Birthday,1,U.S. Coast Guard Birthday
8,August,5,Blogger Day,1,Blogger Day
8,August,5,National Couscous Day,1,National Couscous Day
8,August,5,National Dashcam Day,1,National Dashcam Day
8,August,5,National Oyster Day,1,National Oyster Day
8,August,5,National Underwear Day,1,National Underwear Day
8,August,5,National Work Like A Dog Day,1,National Work Like A Dog Day
8,August,5,Professional Engineers Day,1,Professional Engineers Day
8,August,5,Regatta Day,1,Regatta Day
8,August,6,Balloons to Heaven Day,1,Balloons to Heaven Day
8,August,6,Farmworker Appreciation Day,1,Farmworker Appreciation Day
8,August,6,India Pale Ale Day,1,India Pale Ale Day
8,August,6,International Scuba Day,1,International Scuba Day
8,August,6,Jamaica Independence Day,1,Jamaica Independence Day
8,August,6,National Fresh Breath Day,1,National Fresh Breath Day
8,August,6,National Root Beer Float Day,1,National Root Beer Float Day
8,August,6,National Wiggle Your Toes Day,1,National Wiggle Your Toes Day
8,August,7,Aged Care Employee Day,1,Aged Care Employee Day
8,August,7,Braham Pie Day,1,Braham Pie Day
8,August,7,International Beer Day,1,International Beer Day
8,August,7,National Handloom Day,1,National Handloom Day
8,August,7,National Lighthouse Day,1,National Lighthouse Day
8,August,7,National Raspberries n' Cream Day,1,National Raspberries n' Cream Day
8,August,7,National Water Balloon Day,1,National Water Balloon Day
8,August,7,Professional Speakers Day,1,Professional Speakers Day
8,August,8,International Cat Day,1,International Cat Day
8,August,8,National Bowling Day,1,National Bowling Day
8,August,8,National CBD Day,1,National CBD Day
8,August,8,National Frozen Custard Day,1,National Frozen Custard Day
8,August,8,National Happiness Happens Day,1,National Happiness Happens Day
8,August,8,National Mochi Day,1,National Mochi Day
8,August,8,National Pickleball Day,1,National Pickleball Day
8,August,8,Scottish Wildcat Day,1,Scottish Wildcat Day
8,August,9,Betty Boop Day,1,Betty Boop Day
8,August,9,Hold Hands Day,1,Hold Hands Day
8,August,9,International Coworking Day,1,International Coworking Day
8,August,9,Melon Day,1,Melon Day
8,August,9,National Book Lovers Day,1,National Book Lovers Day
8,August,9,National Passion Fruit Day,1,National Passion Fruit Day
8,August,9,National Rice Pudding Day,1,National Rice Pudding Day
8,August,9,Sinjska Alka,1,Sinjska Alka
8,August,10,Afternoon Tea Week,1,Afternoon Tea Week
8,August,10,Duran Duran Appreciation Day,1,Duran Duran Appreciation Day
8,August,10,National Connecticut Day,1,National Connecticut Day
8,August,10,National Lazy Day,1,National Lazy Day
8,August,10,National S'mores Day,1,National S'mores Day
8,August,10,National Spoil Your Dog Day,1,National Spoil Your Dog Day
8,August,10,Skyscraper Appreciation Day,1,Skyscraper Appreciation Day
8,August,10,Vlogging Day,1,Vlogging Day
8,August,10,World Lion Day,1,World Lion Day
8,August,11,Global Kinetic Sand Day,1,Global Kinetic Sand Day
8,August,11,Ingersoll Day,1,Ingersoll Day
8,August,11,Mountain Day,1,Mountain Day
8,August,11,National No-Code Day,1,National No-Code Day
8,August,11,National Presidential Joke Day,1,National Presidential Joke Day
8,August,11,National Raspberry Bombe Day,1,National Raspberry Bombe Day
8,August,11,National Son and Daughter Day,1,National Son and Daughter Day
8,August,11,Navasard,1,Navasard
8,August,11,Play In The Sand Day,1,Play In The Sand Day
8,August,12,Baseball Fans Day,1,Baseball Fans Day
8,August,12,Ekka People's Day,1,Ekka People's Day
8,August,12,National Gooey Butter Cake Day,1,National Gooey Butter Cake Day
8,August,12,National Julienne Fries Day,1,National Julienne Fries Day
8,August,12,National Middle Child Day,1,National Middle Child Day
8,August,12,National Vinyl Record Day,1,National Vinyl Record Day
8,August,12,World Calligraphy Day,1,World Calligraphy Day
8,August,12,World Elephant Day,1,World Elephant Day
8,August,13,International Lefthanders Day,1,International Lefthanders Day
8,August,13,International Plum Fair,1,International Plum Fair
8,August,13,National Filet Mignon Day,1,National Filet Mignon Day
8,August,13,National Prosecco Day,1,National Prosecco Day
8,August,14,Falklands Day,1,Falklands Day
8,August,14,Financial Awareness Day,1,Financial Awareness Day
8,August,14,Internet Blackout Day in Malaysia,1,Internet Blackout Day in Malaysia
8,August,14,National Creamsicle Day,1,National Creamsicle Day
8,August,14,National Social Security Day,1,National Social Security Day
8,August,14,National Tattoo Removal Day,1,National Tattoo Removal Day
8,August,14,Navajo Code Talkers Day,1,Navajo Code Talkers Day
8,August,14,World Lizard Day,1,World Lizard Day
8,August,15,International Geocaching Day,1,International Geocaching Day
8,August,15,International Homeless Animals Day,1,International Homeless Animals Day
8,August,15,National Acadian Day,1,National Acadian Day
8,August,15,National Back-to-School Prep Day,1,National Back-to-School Prep Day
8,August,15,National Lemon Meringue Pie Day,1,National Lemon Meringue Pie Day
8,August,15,National Relaxation Day,1,National Relaxation Day
8,August,15,The Nile Festival,1,The Nile Festival
8,August,15,World Honey Bee Day,1,World Honey Bee Day
8,August,16,Bennington Battle Day,1,Bennington Battle Day
8,August,16,National Airborne Day,1,National Airborne Day
8,August,16,National Authenticity Day,1,National Authenticity Day
8,August,16,National Roller Coaster Day,1,National Roller Coaster Day
8,August,16,National Rum Day,1,National Rum Day
8,August,16,National Tell A Joke Day,1,National Tell A Joke Day
8,August,16,Surveillance Day,1,Surveillance Day
8,August,16,World Bratwurst Day,1,World Bratwurst Day
8,August,17,Baby Boomers Recognition Day,1,Baby Boomers Recognition Day
8,August,17,Nag Panchami,1,Nag Panchami
8,August,17,National Black Cat Appreciation Day,1,National Black Cat Appreciation Day
8,August,17,National I Love My Feet Day,1,National I Love My Feet Day
8,August,17,National Massachusetts Day,1,National Massachusetts Day
8,August,17,National Nonprofit Day,1,National Nonprofit Day
8,August,17,National Thrift Shop Day,1,National Thrift Shop Day
8,August,17,National Vanilla Custard Day,1,National Vanilla Custard Day
8,August,18,National Bad Poetry Day,1,National Bad Poetry Day
8,August,18,National Couple's Day,1,National Couple's Day
8,August,18,National Fajita Day,1,National Fajita Day
8,August,18,National Ice Cream Pie Day,1,National Ice Cream Pie Day
8,August,18,National Pinot Noir Day,1,National Pinot Noir Day
8,August,18,Never Give Up Day,1,Never Give Up Day
8,August,18,Serendipity Day,1,Serendipity Day
8,August,18,Solidarity Day in Chile,1,Solidarity Day in Chile
8,August,19,International Bow Day,1,International Bow Day
8,August,19,International Orangutan Day,1,International Orangutan Day
8,August,19,National Aviation Day,1,National Aviation Day
8,August,19,National Moving Day,1,National Moving Day
8,August,19,National Potato Day,1,National Potato Day
8,August,19,National Soft Ice Cream Day,1,National Soft Ice Cream Day
8,August,19,Talk Like Jar Jar Binks Day,1,Talk Like Jar Jar Binks Day
8,August,19,World Photography Day,1,World Photography Day
8,August,20,Daffodil Day,1,Daffodil Day
8,August,20,International Day of Medical Transporters,1,International Day of Medical Transporters
8,August,20,International Hawaiian Pizza Day,1,International Hawaiian Pizza Day
8,August,20,National Bacon Lovers Day,1,National Bacon Lovers Day
8,August,20,National Chocolate Pecan Pie Day,1,National Chocolate Pecan Pie Day
8,August,20,National Hazy IPA Day,1,National Hazy IPA Day
8,August,20,National Radio Day,1,National Radio Day
8,August,20,World Mosquito Day,1,World Mosquito Day
8,August,21,Gold Cup Parade,1,Gold Cup Parade
8,August,21,International Day of Remembrance and Tribute to the Victims of Terrorism,1,International Day of Remembrance and Tribute to the Victims of Terrorism
8,August,21,Kool Aid Day,1,Kool Aid Day
8,August,21,Men's Grooming Day,1,Men's Grooming Day
8,August,21,National Brazilian Blowout Day,1,National Brazilian Blowout Day
8,August,21,National Fentanyl Prevention and Awareness Day,1,National Fentanyl Prevention and Awareness Day
8,August,21,National Spumoni Day,1,National Spumoni Day
8,August,21,Poet's Day,1,Poet's Day
8,August,22,Folklore Day,1,Folklore Day
8,August,22,Legacy Week,1,Legacy Week
8,August,22,National Bao Day,1,National Bao Day
8,August,22,National Be An Angel Day,1,National Be An Angel Day
8,August,22,National Eat A Peach Day,1,National Eat A Peach Day
8,August,22,National Take Your Cat to the Vet Day,1,National Take Your Cat to the Vet Day
8,August,22,Never Bean Better Day,1,Never Bean Better Day
8,August,22,Rainbow Baby Day,1,Rainbow Baby Day
8,August,22,World Plant Milk Day,1,World Plant Milk Day
8,August,23,Black Ribbon Day,1,Black Ribbon Day
8,August,23,Cheap Flight Day,1,Cheap Flight Day
8,August,23,Find Your Inner Nerd Day,1,Find Your Inner Nerd Day
8,August,23,International Blind Dog Day,1,International Blind Dog Day
8,August,23,International Hashtag Day,1,International Hashtag Day
8,August,23,Internaut Day,1,Internaut Day
8,August,23,National Cuban Sandwich Day,1,National Cuban Sandwich Day
8,August,23,National Ride the Wind Day,1,National Ride the Wind Day
8,August,24,Belgian Beer Week,1,Belgian Beer Week
8,August,24,International Strange Music Day,1,International Strange Music Day
8,August,24,Kobe Bryant Day,1,Kobe Bryant Day
8,August,24,National Knife Day,1,National Knife Day
8,August,24,National Peach Pie Day,1,National Peach Pie Day
8,August,24,National Waffle Day,1,National Waffle Day
8,August,24,Pluto Demoted Day,1,Pluto Demoted Day
8,August,24,Rtveli,1,Rtveli
8,August,24,Vesuvius Day,1,Vesuvius Day
8,August,24,William Wilberforce Day,1,William Wilberforce Day
8,August,25,National Banana Split Day,1,National Banana Split Day
8,August,25,National Kiss And Make Up Day,1,National Kiss And Make Up Day
8,August,25,National Park Service Founders Day,1,National Park Service Founders Day
8,August,25,National Secondhand Wardrobe Day,1,National Secondhand Wardrobe Day
8,August,25,National Whiskey Sour Day,1,National Whiskey Sour Day
8,August,26,La Tomatina,1,La Tomatina
8,August,26,National Cherry Popsicle Day,1,National Cherry Popsicle Day
8,August,26,National Dog Day,1,National Dog Day
8,August,26,National Got Checked Day,1,National Got Checked Day
8,August,26,National Spark the World Day,1,National Spark the World Day
8,August,26,National Sport Sampling Day,1,National Sport Sampling Day
8,August,26,National Toilet Paper Day,1,National Toilet Paper Day
8,August,26,National Webmistress Day,1,National Webmistress Day
8,August,27,Crab Soup Day,1,Crab Soup Day
8,August,27,Festa do Vinho,1,Festa do Vinho
8,August,27,Hungry Ghost Festival,1,Hungry Ghost Festival
8,August,27,International Lottery Day,1,International Lottery Day
8,August,27,Lyndon Baines Johnson Day,1,Lyndon Baines Johnson Day
8,August,27,National Burger Day,1,National Burger Day
8,August,27,National Just Because Day,1,National Just Because Day
8,August,27,National Tug of War Day,1,National Tug of War Day
8,August,27,The Duchess Who Wasn't Day,1,The Duchess Who Wasn't Day
8,August,28,Crackers Over The Keyboard Day,1,Crackers Over The Keyboard Day
8,August,28,International Read Comics in Public Day,1,International Read Comics in Public Day
8,August,28,Makaton International Awareness Day,1,Makaton International Awareness Day
8,August,28,National Bow Tie Day,1,National Bow Tie Day
8,August,28,National Cherry Turnover Day,1,National Cherry Turnover Day
8,August,28,National Red Wine Day,1,National Red Wine Day
8,August,28,National Thoughtful Day,1,National Thoughtful Day
8,August,28,Rainbow Bridge Remembrance Day,1,Rainbow Bridge Remembrance Day
8,August,29,International Cosplay Day,1,International Cosplay Day
8,August,29,International Day Against Nuclear Tests,1,International Day Against Nuclear Tests
8,August,29,"More Herbs, Less Salt Day",1,"More Herbs, Less Salt Day"
8,August,29,National Chop Suey Day,1,National Chop Suey Day
8,August,29,National Franchise Appreciation Day,1,National Franchise Appreciation Day
8,August,29,National Lemon Juice Day,1,National Lemon Juice Day
8,August,29,National Sports Day,1,National Sports Day
8,August,29,Potteries Bottle Oven Day,1,Potteries Bottle Oven Day
8,August,30,Amagwinya Day,1,Amagwinya Day
8,August,30,Frankenstein Day,1,Frankenstein Day
8,August,30,International Whale Shark Day,1,International Whale Shark Day
8,August,30,National Beach Day,1,National Beach Day
8,August,30,National Holistic Pet Day,1,National Holistic Pet Day
8,August,30,National Slinky Day,1,National Slinky Day
8,August,30,National Toasted Marshmallow Day,1,National Toasted Marshmallow Day
8,August,30,Social Justice Sunday,1,Social Justice Sunday
8,August,31,Gravy Wrestling Championship,1,Gravy Wrestling Championship
8,August,31,International Overdose Awareness Day,1,International Overdose Awareness Day
8,August,31,National Eat Outside Day,1,National Eat Outside Day
8,August,31,National Matchmaker Day,1,National Matchmaker Day
8,August,31,National Trail Mix Day,1,National Trail Mix Day
8,August,31,National Zoo Awareness Day,1,National Zoo Awareness Day
8,August,31,We Love Memoirs Day,1,We Love Memoirs Day
8,August,31,World Distance Learning Day,1,World Distance Learning Day
9,September,1,Acne Positivity Day,2,Acne Positivity Day
9,September,1,Building and Code Staff Appreciation Day,2,Building and Code Staff Appreciation Day
9,September,1,Ginger Cat Appreciation Day,2,Ginger Cat Appreciation Day
9,September,1,National Little Black Dress Day,2,National Little Black Dress Day
9,September,1,National Tofu Day,2,National Tofu Day
9,September,1,Wattle Day,2,Wattle Day
9,September,1,World Letter Writing Day,2,World Letter Writing Day
9,September,2,Calendar Adjustment Day,2,Calendar Adjustment Day
9,September,2,Global Talent Acquisition Day,2,Global Talent Acquisition Day
9,September,2,National Blueberry Popsicle Day,2,National Blueberry Popsicle Day
9,September,2,National Live Fearless Day,2,National Live Fearless Day
9,September,2,National Spalding Baseball Day,2,National Spalding Baseball Day ; Spalding Baseball Day
9,September,2,Pierce Your Ears Day,2,Pierce Your Ears Day
9,September,2,World Coconut Day,2,World Coconut Day
9,September,3,Merchant Navy Day,2,Merchant Navy Day
9,September,3,National Skyscraper Day,3,National Skyscraper Day ; Skyscraper Day
9,September,3,National Welsh Rarebit Day,2,National Welsh Rarebit Day
9,September,3,US Bowling League Day,2,US Bowling League Day
9,September,4,National Chianti Day,2,National Chianti Day
9,September,4,National Eat an Extra Dessert Day,2,Eat an Extra Dessert Day ; National Eat an Extra Dessert Day
9,September,4,National Food Bank Day,2,National Food Bank Day
9,September,4,National Macadamia Nut Day,2,National Macadamia Nut Day
9,September,4,National Wildlife Day,2,National Wildlife Day
9,September,5,International Bacon Day,2,International Bacon Day
9,September,5,International Day of Charity,2,International Day of Charity
9,September,5,National Cellulite Day,2,National Cellulite Day
9,September,5,National Cheese Pizza Day,3,National Cheese Pizza Day
9,September,5,National Hummingbird Day,2,National Hummingbird Day
9,September,5,World Beard Day,2,World Beard Day
9,September,5,World Samosa Day,2,World Samosa Day
9,September,6,Fight Procrastination Day,2,Fight Procrastination Day
9,September,6,Great Egg Toss Day,2,Great Egg Toss Day
9,September,6,National Coffee Ice Cream Day,2,National Coffee Ice Cream Day
9,September,6,National Pet Rock Day,2,National Pet Rock Day
9,September,6,National Read a Book Day,3,National Read a Book Day
9,September,7,Grandma Moses Day,2,Grandma Moses Day
9,September,7,National Acorn Squash Day,2,National Acorn Squash Day
9,September,7,National Beer Lovers Day,2,National Beer Lovers Day
9,September,7,National Salami Day,3,National Salami Day
9,September,7,Superhuman Day,2,Superhuman Day
9,September,7,Texas Energy Savings Day,2,Texas Energy Savings Day
9,September,7,World Duchenne Awareness Day,2,World Duchenne Awareness Day
9,September,8,Actors' Day,2,Actors' Day
9,September,8,National Ampersand Day,2,National Ampersand Day
9,September,8,National Dog Walker Appreciation Day,2,National Dog Walker Appreciation Day
9,September,8,National Pediatric Hematology/Oncology Nurses Day,2,National Pediatric Hematology/Oncology Nurses Day
9,September,8,Pardon Day,2,Pardon Day
9,September,8,Star Trek Day,2,Star Trek Day
9,September,8,World Physical Therapy Day,2,World Physical Therapy Day
9,September,9,California Admission Day,2,California Admission Day
9,September,9,Care Bears Share Your Care Day,2,Care Bears Share Your Care Day
9,September,9,International Fetal Alcohol Spectrum Disorders Awareness Day,2,International Fetal Alcohol Spectrum Disorders Awareness Day
9,September,9,International Sudoku Day,2,International Sudoku Day
9,September,9,National Teddy Bear Day,3,National Teddy Bear Day ; Teddy Bear Day
9,September,9,Wonderful Weirdos Day,2,Wonderful Weirdos Day
9,September,10,National Anti-Junk Light Day,2,National Anti-Junk Light Day
9,September,10,National School Picture Day,2,National School Picture Day
9,September,10,National Swap Ideas Day,2,National Swap Ideas Day ; Swap Ideas Day
9,September,10,National TV Dinner Day,2,National TV Dinner Day
9,September,10,World Suicide Prevention Day,2,World Suicide Prevention Day
9,September,11,Libraries Remember Day,2,Libraries Remember Day
9,September,11,National Hot Cross Bun Day,2,National Hot Cross Bun Day
9,September,11,National Make Your Bed Day,2,National Make Your Bed Day
9,September,11,No News is Good News Day,2,No News is Good News Day
9,September,11,Patriot Day,2,Patriot Day
9,September,12,Drive Your Studebaker Day,2,Drive Your Studebaker Day ; International Drive Your Studebaker Day
9,September,12,National Chocolate Milkshake Day,2,National Chocolate Milkshake Day
9,September,12,National Day of Encouragement,2,National Day of Encouragement
9,September,12,National Police Woman Day,2,National Police Woman Day
9,September,12,United Nations Day for South-South Cooperation,2,United Nations Day for South-South Cooperation
9,September,13,International Chocolate Day,2,International Chocolate Day
9,September,13,National Kids Take Over the Kitchen Day,2,National Kids Take Over the Kitchen Day
9,September,13,National Peanut Day,2,National Peanut Day
9,September,13,Positive Thinking Day,2,Positive Thinking Day
9,September,13,Programmers Day,2,Programmers Day
9,September,13,Roald Dahl Day,2,Roald Dahl Day
9,September,13,Supernatural Day,2,Supernatural Day
9,September,14,National Cream Filled Donut Day,2,National Cream Filled Donut Day
9,September,14,National Eat A Hoagie Day,2,National Eat A Hoagie Day ; National Eat A Hoagie Day
9,September,14,National Live Creative Day,2,National Live Creative Day ; National Live Creative Day
9,September,14,National Rosa Tequila Day,2,National Rosa Tequila Day
9,September,14,National Sober Day,2,National Sober Day
9,September,14,National Virginia Day,2,National Virginia Day
9,September,15,Dot Day,2,Dot Day ; International Dot Day
9,September,15,Greenpeace Day,2,Greenpeace Day
9,September,15,National Cheese Toast Day,2,National Cheese Toast Day
9,September,15,National Double Cheeseburger Day,2,National Double Cheeseburger Day
9,September,15,National Felt Hat Day,2,Felt Hat Day ; National Felt Hat Day
9,September,15,National Linguine Day,2,National Linguine Day
9,September,15,National Online Learning Day,2,National Online Learning Day
9,September,15,World Afro Day,2,World Afro Day
9,September,16,International Day for the Preservation of the Ozone Layer,2,International Day for the Preservation of the Ozone Layer
9,September,16,Mayflower Day,2,Mayflower Day
9,September,16,National Play-Doh Day,2,National Play-Doh Day
9,September,16,National Stepfamily Day,2,National Stepfamily Day
9,September,16,National Working Parents Day,2,National Working Parents Day ; Working Parents Day
9,September,16,Trail of Tears Commemoration Day,2,Trail of Tears Commemoration Day
9,September,17,Australian Citizenship Day,2,Australian Citizenship Day
9,September,17,International Country Music Day,2,International Country Music Day ; International Country Music Day
9,September,17,National Professional House Cleaners Day,2,National Professional House Cleaners Day
9,September,17,Smithsonian Day,2,Smithsonian Day
9,September,17,World Patient Safety Day,2,International Patient Safety Day ; World Patient Safety Day
9,September,18,International Equal Pay Day,2,International Equal Pay Day
9,September,18,National Cheeseburger Day,2,National Cheeseburger Day
9,September,18,National Tradesmen Day,2,National Tradesmen Day
9,September,18,Read An eBook Day,2,Read An eBook Day ; Read An Ebook Day
9,September,18,World Water Monitoring Day,2,World Water Monitoring Day
9,September,19,Batman Day,2,Batman Day
9,September,19,International Coastal Cleanup Day,2,International Coastal Cleanup Day
9,September,19,International Red Panda Day,2,International Red Panda Day
9,September,19,Talk Like a Pirate Day,2,International Talk Like a Pirate Day ; Talk Like a Pirate Day
9,September,20,National Care For Kids Day,2,National Care For Kids Day
9,September,20,National Fried Rice Day,2,National Fried Rice Day
9,September,20,National Punch Day,2,National Punch Day
9,September,20,National Queso Day,2,National Queso Day
9,September,20,National String Cheese Day,2,National String Cheese Day
9,September,21,Escapology Day,2,Escapology Day
9,September,21,Miniature Golf Day,2,Miniature Golf Day
9,September,21,National Chai Day,2,National Chai Day
9,September,21,National Pecan Cookie Day,2,National Pecan Cookie Day
9,September,21,World Gratitude Day,2,World Gratitude Day
9,September,22,Car-free Sunday,2,Car-free Sunday ; World Car Free Day ; World Car-Free Day
9,September,22,Falls Prevention Awareness Day,2,Falls Prevention Awareness Day
9,September,22,Hobbit Day,2,Hobbit Day
9,September,22,National Elephant Appreciation Day,2,Elephant Appreciation Day ; National Elephant Appreciation Day
9,September,22,National Girls' Night In Day,2,National Girls' Night In Day
9,September,22,National Ice Cream Cone Day,2,National Ice Cream Cone Day
9,September,22,National White Chocolate Day,2,National White Chocolate Day
9,September,22,World Rhino Day,2,World Rhino Day
9,September,23,Celebrate Bisexuality Day,2,Celebrate Bisexuality Day
9,September,23,Education Technology Day,2,Education Technology Day
9,September,23,International Day of Sign Languages,2,International Day of Sign Languages
9,September,23,National Apple Cider Vinegar Day,2,National Apple Cider Vinegar Day
9,September,23,National Snack Stick Day,2,National Snack Stick Day
9,September,23,Restless Legs Awareness Day,2,Restless Legs Awareness Day
9,September,23,Za'atar Day,2,Za'atar Day
9,September,24,Bollywood Day,2,Bollywood Day ; World Bollywood Day
9,September,24,National Cherries Jubilee Day,2,National Cherries Jubilee Day
9,September,24,National Mofongo Day,2,National Mofongo Day
9,September,24,Remember Me Thursday,2,Remember Me Thursday
9,September,24,World Maritime Day,2,World Maritime Day
9,September,25,Hug A Vegetarian Day,2,Hug a Vegetarian Day ; Hug A Vegetarian Day
9,September,25,National Comic Book Day,2,National Comic Book Day
9,September,25,National Lobster Day,2,National Lobster Day
9,September,25,National One-Hit Wonder Day,2,National One-Hit Wonder Day ; One-Hit Wonder Day
9,September,25,National Quesadilla Day,2,National Quesadilla Day
9,September,25,Save The Koala Day,2,Save The Koala Day ; Save the Koala Day
9,September,25,World Dream Day,2,World Dream Day
9,September,26,European Day of Languages,2,European Day of Languages ; European Languages Day
9,September,26,International Rabbit Day,2,International Rabbit Day
9,September,26,Lumberjack Day,2,Lumberjack Day
9,September,26,National Alpaca Day,2,Alpaca Day ; National Alpaca Day
9,September,26,National Johnny Appleseed Day,2,Johnny Appleseed Day ; National Johnny Appleseed Day
9,September,26,National Singles Day,2,National Singles Day
9,September,27,Ancestor Appreciation Day,2,Ancestor Appreciation Day
9,September,27,Morning Show Hosts Day,2,Morning Show Hosts Day
9,September,27,National Chocolate Milk Day,2,National Chocolate Milk Day
9,September,27,National Corned Beef Hash Day,2,National Corned Beef Hash Day ; National Corned Beef Hash Day
9,September,27,National Crush A Can Day,2,National Crush a Can Day ; National Crush A Can Day
9,September,27,World Rivers Day,2,World Rivers Day
9,September,28,Ask a Stupid Question Day,2,Ask a Stupid Question Day
9,September,28,International Day for Universal Access to Information,2,International Day for Universal Access to Information
9,September,28,International Poke Day,2,International Poke Day
9,September,28,National Family Day,2,National Family Day
9,September,28,National Good Neighbor Day,2,National Good Neighbor Day
9,September,28,National North Carolina Day,2,National North Carolina Day
9,September,28,World Rabies Day,2,World Rabies Day
9,September,29,Confucius Day,2,Confucius Day ; Confucius Day
9,September,29,International Day of Awareness of Food Loss and Waste,2,International Day of Awareness of Food Loss and Waste
9,September,29,National Coffee Day,2,National Coffee Day
9,September,29,National Goose Day,2,International Happy Goose Day ; National Goose Day
9,September,29,National Police Remembrance Day,2,National Police Remembrance Day
9,September,29,National Silent Movie Day,2,National Silent Movie Day
9,September,29,National Starbucks Day,2,National Starbucks Day
9,September,30,International Podcast Day,2,International Podcast Day
9,September,30,National Extra Virgin Olive Oil Day,2,Extra Virgin Olive Oil Day ; National Extra Virgin Olive Oil Day
9,September,30,National Women's Health And Fitness Day,2,National Women's Health And Fitness Day ; National Women's Health and Fitness Day
9,September,30,Orange Shirt Day,2,Orange Shirt Day
9,September,30,Rumi Day,2,Rumi Day
9,September,30,Thunderbirds Day,2,International Thunderbirds Day ; Thunderbirds Day
10,October,1,International Coffee Day,2,International Coffee Day
10,October,1,International Music Day,2,International Music Day
10,October,1,National Black Dog Day,2,National Black Dog Day
10,October,1,National Hair Day,2,National Hair Day
10,October,1,National Poetry Day,2,National Poetry Day
10,October,1,World Sake Day,2,World Sake Day
10,October,1,World Vegetarian Day,2,World Vegetarian Day
10,October,2,International Day of Non-Violence,2,International Day of Non-Violence
10,October,2,Kids Music Day,2,Kids Music Day
10,October,2,National Body Language Day,2,National Body Language Day
10,October,2,World Farm Animals Day,2,World Farm Animals Day
10,October,3,Buy British Day,2,Buy British Day
10,October,3,Frugal Fun Day,2,Frugal Fun Day
10,October,3,Mean Girls Day,2,Mean Girls Day
10,October,3,National Boyfriend Day,2,National Boyfriend Day
10,October,3,National Techies Day,2,National Techies Day
10,October,3,World Card Making Day,2,World Card Making Day
10,October,4,National Cinnamon Roll Day,2,National Cinnamon Roll Day
10,October,4,National Golf Lovers Day,2,National Golf Lover's Day ; National Golf Lovers Day
10,October,4,National Improve Your Office Day,2,Improve Your Office Day ; National Improve Your Office Day
10,October,4,National Truckers Day,2,National Truckers Day
10,October,4,National Vodka Day,2,National Vodka Day
10,October,4,St. Francis of Assisi Feast Day,2,St. Francis of Assisi Feast Day
10,October,4,World Animal Day,2,World Animal Day
10,October,5,National Be Nice Day,2,National Be Nice Day
10,October,5,National Do Something Nice Day,2,National Do Something Nice Day
10,October,5,National Rhode Island Day,2,National Rhode Island Day
10,October,6,National Badger Day,2,National Badger Day
10,October,6,National Coaches Day,2,National Coaches Day
10,October,6,National Mad Hatter Day,2,Mad Hatter Day ; National Mad Hatter Day
10,October,6,National Noodle Day,2,National Noodle Day
10,October,6,National Transfer Money to Your Daughter Day,2,National Transfer Money to Your Daughter Day
10,October,6,World Cerebral Palsy Day,2,World Cerebral Palsy Day
10,October,7,National Coffee with a Cop Day,2,National Coffee with a Cop Day
10,October,7,National Frappe Day,2,National Frappe Day
10,October,7,National Inner Beauty Day,2,National Inner Beauty Day
10,October,8,Alvin C. York Day,2,Alvin C. York Day
10,October,8,International Birth Registration Day,2,International Birth Registration Day
10,October,8,International Newspaper Carrier Day,2,International Newspaper Carrier Day
10,October,8,National Pierogi Day,2,National Pierogi Day
10,October,8,World Octopus Day,2,World Octopus Day
10,October,9,Curious Events Day,2,Curious Events Day ; Curious Events Day
10,October,9,International Beer and Pizza Day,2,International Beer and Pizza Day
10,October,9,National C60 Day,2,National C60 Day
10,October,9,National Moldy Cheese Day,2,National Moldy Cheese Day
10,October,9,Vet Nurse Day,2,Vet Nurse Day
10,October,9,World Egg Day,2,World Egg Day
10,October,9,World Post Day,2,World Post Day
10,October,10,National Cake Decorating Day,2,National Cake Decorating Day
10,October,10,National Chess Day,2,National Chess Day
10,October,10,National Handbag Day,2,National Handbag Day
10,October,10,World Homeless Day,2,World Homeless Day
10,October,10,World Porridge Day,2,World Porridge Day
10,October,11,Black Girl Day Off,2,Black Girl Day Off
10,October,11,It's My Party Day,2,It's My Party Day
10,October,11,National Coming Out Day,2,National Coming Out Day
10,October,11,National Sausage Pizza Day,2,National Sausage Pizza Day
10,October,11,National Spread Joy Day,2,National Spread Joy Day
10,October,11,Pastor Appreciation Day,2,Pastor Appreciation Day
10,October,11,Southern Food Heritage Day,2,Southern Food Heritage Day
10,October,12,National Farmers Day,2,Farmers Day ; National Farmers Day
10,October,12,National Gumbo Day,2,National Gumbo Day
10,October,12,National Heritage Day in Turks and Caicos,2,National Heritage Day in the Turks and Caicos Islands ; National Heritage Day in Turks and Caicos
10,October,12,National Pulled Pork Day,2,National Pulled Pork Day
10,October,12,National Savings Day,2,National Savings Day
10,October,12,National Vermont Day,2,National Vermont Day
10,October,12,World Arthritis Day,2,World Arthritis Day
10,October,13,ADA Lovelace Day,2,Ada Lovelace Day ; ADA Lovelace Day
10,October,13,Disaster Day,2,Disaster Day
10,October,13,International Day for Failure,2,International Day for Failure
10,October,13,National Face Your Fears Day,2,National Face Your Fears Day ; National Face Your Fears Day
10,October,13,National No Bra Day,2,National No Bra Day
10,October,13,National Train Your Brain Day,2,National Train Your Brain Day
10,October,14,National Bring Your Teddy Bear to School Day,2,Bring Your Teddy Bear To Work & School Day ; National Bring Your Teddy Bear to School Day
10,October,14,National Dessert Day,2,National Dessert Day
10,October,14,National Emergency Nurses Day,2,Emergency Nurses Day ; National Emergency Nurses Day
10,October,14,National Pet Obesity Awareness Day,2,National Pet Obesity Awareness Day
10,October,14,National Take Your Parents To Lunch Day,2,National Take Your Parents To Lunch Day
10,October,15,Global Handwashing Day,2,Global Handwashing Day
10,October,15,National Mushroom Day,2,National Mushroom Day
10,October,15,Pregnancy and Infant Loss Remembrance Day,2,International Pregnancy and Infant Loss Remembrance Day ; Pregnancy and Infant Loss Remembrance Day
10,October,15,White Cane Safety Day,2,White Cane Safety Day
10,October,16,Global Cat Day,2,Global Cat Day
10,October,16,National Boss' Day,2,National Boss' Day ; National Boss's Day
10,October,16,National Dictionary Day,2,Dictionary Day ; National Dictionary Day
10,October,16,National Feral Cat Day,2,National Feral Cat Day
10,October,16,National Liqueur Day,2,National Liqueur Day
10,October,16,National Mammography Day,2,National Mammography Day
10,October,16,World Spine Day,2,World Spine Day
10,October,17,International Sloth Day,2,International Sloth Day
10,October,17,National Mulligan Day,2,National Mulligan Day
10,October,17,National Pasta Day,2,National Pasta Day
10,October,17,Women in Military Service for America Memorial Anniversary,2,Women in Military Service for America Memorial Anniversary
10,October,18,Health Care Aide Day,2,Health Care Aide Day
10,October,18,National Chocolate Cupcake Day,2,National Chocolate Cupcake Day
10,October,18,National Mashed Potato Day,2,National Mashed Potato Day
10,October,18,National Necktie Day,2,National Necktie Day ; Necktie Day
10,October,18,National No Beard Day,2,National No Beard Day
10,October,18,Ride To Work Day,2,Ride To Work Day
10,October,18,World Menopause Day,2,World Menopause Day
10,October,19,Evaluate Your Life Day,2,Evaluate Your Life Day
10,October,19,National LGBT Center Awareness Day,2,LGBT Center Awareness Day ; National LGBT Center Awareness Day
10,October,19,National New Friends Day,2,National New Friends Day
10,October,19,National Seafood Bisque Day,2,National Seafood Bisque Day
10,October,19,World Pediatric Bone and Joint Day,2,World Pediatric Bone and Joint Day
10,October,20,Information Overload Day,2,Information Overload Day
10,October,20,National Day on Writing,2,National Day on Writing
10,October,20,Pro-Life Day of Silent Solidarity,2,Pro-Life Day of Silent Solidarity
10,October,20,World Osteoporosis Day,2,World Osteoporosis Day
10,October,21,Back to the Future Day,2,Back to the Future Day ; Back To The Future Day
10,October,21,National Apple Day,2,National Apple Day
10,October,21,National Pumpkin Cheesecake Day,2,National Pumpkin Cheesecake Day
10,October,21,National Reptile Day,2,National Reptile Awareness Day ; National Reptile Day ; Reptile Awareness Day
10,October,21,Trafalgar Day,2,Trafalgar Day
10,October,22,International Caps Lock Day,2,International Caps Lock Day ; International Caps Lock Day
10,October,22,International Stuttering Awareness Day,2,International Stuttering Awareness Day
10,October,22,National Color Day,2,National Color Day
10,October,22,National Make a Dog's Day,2,National Make a Dog's Day
10,October,22,National Nut Day,2,National Nut Day
10,October,22,Smart is Cool Day,2,Smart is Cool Day
10,October,23,Global Champagne Day,2,Global Champagne Day
10,October,23,National Boston Cream Pie Day,2,National Boston Cream Pie Day
10,October,23,National Croc Day,2,National Croc Day
10,October,23,National Mole Day,2,Mole Day ; National Mole Day
10,October,23,National Paralegal Day,2,National Paralegal Day
10,October,23,National TV Talk Show Host Day,2,National TV Talk Show Host Day ; T.V. Talk Show Host Day
10,October,24,National Bologna Day,2,National Bologna Day
10,October,24,National Food Day,2,National Food Day
10,October,24,National Kangaroo Awareness Day,2,National Kangaroo Awareness Day ; World Kangaroo Day
10,October,24,National Make a Difference Day,2,Make a Difference Day ; National Make a Difference Day
10,October,24,National Senior UTI Awareness Day,2,National Senior UTI Awareness Day
10,October,24,World Polio Day,2,World Polio Day
10,October,24,World Tripe Day,2,World Tripe Day
10,October,25,International Artist Day,2,International Artist Day
10,October,25,National Greasy Foods Day,2,National Greasy Foods Day
10,October,25,Punk For A Day Day,2,Punk For A Day Day ; Punk for a Day Day
10,October,25,Sourest Day,2,Sourest Day
10,October,25,World Pasta Day,2,World Pasta Day
10,October,26,Howl At The Moon Day,2,Howl At The Moon Day ; Worldwide Howl at the Moon Night
10,October,26,National Chicken Fried Steak Day,2,National Chicken Fried Steak Day
10,October,26,National Day of the Deployed,2,National Day of the Deployed
10,October,26,National Financial Crime Fighter Day,2,National Financial Crime Fighter Day
10,October,26,National Microneedling Day,2,National Microneedling Day
10,October,26,National Mincemeat Day,2,National Mincemeat Day
10,October,26,National Mule Day,2,National Mule Day
10,October,26,National Pumpkin Day,2,National Pumpkin Day
10,October,27,Cranky Co-Workers Day,2,Cranky Co-Workers Day
10,October,27,National American Beer Day,2,National American Beer Day
10,October,27,National Black Cat Day,2,National Black Cat Day
10,October,27,National Mentoring Day,2,National Mentoring Day
10,October,27,Navy Day,2,Navy Day
10,October,27,World Day for Audiovisual Heritage,2,World Day for Audiovisual Heritage
10,October,28,Chucks-N-Pearls Day,2,Chucks-N-Pearls Day
10,October,28,International Animation Day,2,International Animation Day
10,October,28,National Chocolate Day,2,National Chocolate Day
10,October,28,National First Responders Day,2,National First Responders Day
10,October,28,National Immigrants Day,2,National Immigrants Day
10,October,28,Plush Animal Lover's Day,2,Plush Animal Lover's Day
10,October,28,Wild Foods Day,2,Wild Foods Day
10,October,29,National Cat Day,2,National Cat Day
10,October,29,National Internet Day,2,National Internet Day
10,October,29,National Oatmeal Day,2,National Oatmeal Day
10,October,29,RSPB Feed the Birds Day,2,RSPB Feed the Birds Day
10,October,29,World Psoriasis Day,2,World Psoriasis Day
10,October,29,World Stroke Day,2,World Stroke Day
10,October,30,Frankenstein Friday,2,Frankenstein Friday
10,October,30,National Candy Corn Day,2,National Candy Corn Day
10,October,30,National Checklist Day,2,National Checklist Day
10,October,30,National Publicist Day,2,National Publicist Day
10,October,30,National Text Your Ex Day,2,National Text Your Ex Day
10,October,30,World Lemur Day,2,World Lemur Day
10,October,31,Girl Scout Founder's Day,2,Girl Scout Founder's Day
10,October,31,Hug a Sheep Day,2,Hug A Sheep Day ; Hug a Sheep Day
10,October,31,Muddy dog day,2,Muddy dog day ; Muddy Dog Day
10,October,31,National Caramel Apple Day,2,National Caramel Apple Day
10,October,31,National Magic Day,2,National Magic Day
10,October,31,National Prescription Drug Take Back Day,2,National Prescription Drug Take Back Day
10,October,31,National Unity Day,2,National Unity Day
10,October,31,World Savings Day,2,World Savings Day
11,November,1,D. Hamilton Jackson Day,2,D. Hamilton Jackson Day
11,November,1,Haryana Day,2,Haryana Day
11,November,1,International Pet Groomer Appreciation Day,2,International Pet Groomer Appreciation Day
11,November,1,National Cinnamon Day,2,National Cinnamon Day
11,November,1,National Cook For Your Pets Day,2,National Cook For Your Pets Day
11,November,1,National Family Literacy Day,2,National Family Literacy Day
11,November,1,World Vegan Day,2,World Vegan Day
11,November,2,Be the Impact Day,2,Be the Impact Day
11,November,2,Color the World Orange Day,2,Color the World Orange Day
11,November,2,Marlborough Anniversary Day,2,Marlborough Anniversary Day
11,November,2,National Deviled Egg Day,2,National Deviled Egg Day
11,November,2,National Ohio Day,2,National Ohio Day
11,November,2,Recreation Day Tasmania,2,Recreation Day Tasmania
11,November,3,Jellyfish Day,2,Jellyfish Day ; World Jellyfish Day
11,November,3,National Accessory Day,2,National Accessory Day
11,November,3,National Housewife Day,2,National Housewife Day
11,November,3,National Sandwich Day,2,National Sandwich Day
11,November,3,Smart Home Day,2,Smart Home Day
11,November,4,National Advent Calendar Day,2,National Advent Calendar Day
11,November,4,National Candy Day,2,National Candy Day
11,November,4,National Chicken Lady Day,2,National Chicken Lady Day
11,November,4,National Easy-Bake Oven Day,2,National Easy-Bake Oven Day
11,November,4,National Stress Awareness Day,2,National Stress Awareness Day
11,November,4,Use Your Common Sense Day,2,Use Your Common Sense Day
11,November,5,American Football Day,2,American Football Day
11,November,5,National Cash Back Day,2,National Cash Back Day
11,November,5,National Chinese Takeout Day,2,National Chinese Takeout Day
11,November,5,National Love Your Red Hair Day,2,National Love Your Red Hair Day
11,November,5,National Men Make Dinner Day,2,National Men Make Dinner Day
11,November,5,Project Management Day,2,International Project Management Day ; Project Management Day
11,November,5,World Tsunami Awareness Day,2,World Tsunami Awareness Day
11,November,6,Love Your Lawyer Day,2,Love Your Lawyer Day
11,November,6,National Basketball Day,2,National Basketball Day
11,November,6,National Ladies Learning Code Day,2,National Ladies Learning Code Day
11,November,6,National Saxophone Day,2,National Saxophone Day
11,November,7,National Bittersweet Chocolate with Almonds Day,2,National Bittersweet Chocolate with Almonds Day
11,November,7,National Canine Lymphoma Awareness Day,2,National Canine Lymphoma Awareness Day
11,November,7,National Hug A Bear Day,2,Hug a Bear Day ; National Hug A Bear Day
11,November,7,National Retinol Day,2,National Retinol Day
11,November,7,Notary Public Day,2,Notary Public Day
11,November,7,World Numbat Day,2,World Numbat Day
11,November,8,National Cappuccino Day,2,National Cappuccino Day
11,November,8,National Harvey Wallbanger Day,2,National Harvey Wallbanger Day
11,November,8,National STEM/STEAM Day,2,National STEM/STEAM Day
11,November,8,World Pianist Day,2,World Pianist Day
11,November,8,World Town Planning Day,2,World Town Planning Day
11,November,9,Brian Holland Legacy Day,2,Brian Holland Legacy Day
11,November,9,British Pudding Day,2,British Pudding Day
11,November,9,Carl Sagan Day,2,Carl Sagan Day
11,November,9,Go to an Art Museum Day,2,Go to an Art Museum Day
11,November,9,National Louisiana Day,2,National Louisiana Day
11,November,9,World Freedom Day,2,World Freedom Day
11,November,10,International Accounting Day,2,International Accounting Day
11,November,10,National Forget-Me-Not Day,2,Forget Me Not Day ; National Forget-Me-Not Day
11,November,10,National Vanilla Cupcake Day,2,National Vanilla Cupcake Day
11,November,10,Sesame Street Day,2,Sesame Street Day
11,November,10,USMC Day,2,USMC Day
11,November,11,National Education Day,2,National Education Day
11,November,11,National Indiana Day,2,National Indiana Day
11,November,11,National Metal Day,2,Metal Day ; National Metal Day
11,November,11,National Origami Day,2,National Origami Day ; World Origami Day
11,November,11,National Sundae Day,2,National Sundae Day
11,November,11,Pocky Day,2,Pocky Day
11,November,11,Singles Day,2,Singles Day
11,November,12,Fancy Rat & Mouse Day,2,American Fancy Rat & Mouse Day ; Fancy Rat & Mouse Day
11,November,12,National Chicken Soup for the Soul Day,2,Chicken Soup for the Soul Day ; National Chicken Soup for the Soul Day
11,November,12,National French Dip Day,2,National French Dip Day
11,November,12,National Happy Hour Day,2,National Happy Hour Day
11,November,12,National Pizza with the Works Except Anchovies Day,2,National Pizza with the Works Except Anchovies Day
11,November,12,World Pneumonia Day,2,World Pneumonia Day
11,November,12,World Quality Day,2,World Quality Day
11,November,12,World Usability Day,2,World Usability Day
11,November,13,National DTC (Direct-To-Consumer) Friday,2,National DTC (Direct-To-Consumer) Friday
11,November,13,National Hug a Musician Day,2,National Hug a Musician Day
11,November,13,National Indian Pudding Day,2,National Indian Pudding Day
11,November,13,Sadie Hawkins Day,2,Sadie Hawkins Day
11,November,13,Symphonic Metal Day,2,Symphonic Metal Day
11,November,13,World Kindness Day,2,World Kindness Day
11,November,14,Loosen Up Lighten Up Day,2,Loosen Up Lighten Up Day
11,November,14,National American Teddy Bear Day,2,National American Teddy Bear Day
11,November,14,National Family PJ Day,2,National Family PJ Day
11,November,14,National Pickle Day,2,National Pickle Day
11,November,14,National Saddle Hunting Day,2,National Saddle Hunting Day
11,November,14,National Seat Belt Day,2,National Seat Belt Day
11,November,14,National Spicy Guacamole Day,2,National Spicy Guacamole Day
11,November,14,Operating Room Nurse Day,2,Operating Room Nurse Day
11,November,15,I Love to Write Day,2,I Love to Write Day
11,November,15,National Bundt Day,2,National Bundt Day
11,November,15,National Camp T-Shirt Day,2,National Camp T-Shirt Day
11,November,15,National Drummer Day,2,National Drummer Day
11,November,15,National Philanthropy Day,2,National Philanthropy Day
11,November,15,National Raisin Bran Cereal Day,2,National Raisin Bran Cereal Day
11,November,15,National Recycling Day,2,National Recycling Day
11,November,15,Steve Irwin Day,2,Steve Irwin Day
11,November,16,Have a Party with your Bear Day,2,Have a Party with your Bear Day ; Have a Party with Your Bear Day
11,November,16,International Day For Tolerance,2,International Day for Tolerance ; International Day For Tolerance
11,November,16,National Button Day,2,National Button Day
11,November,16,National Clarinet Day,2,Clarinet Day ; National Clarinet Day
11,November,16,National Fast Food Day,2,National Fast Food Day
11,November,17,International Students Day,2,International Students Day ; International Students' Day
11,November,17,National Baklava Day,2,National Baklava Day
11,November,17,National Homemade Bread Day,2,National Homemade Bread Day
11,November,17,World Prematurity Day,2,World Prematurity Day
11,November,17,Zinfandel Day,2,Zinfandel Day
11,November,18,Apple Cider Day,2,Apple Cider Day
11,November,18,GIS Day,2,GIS Day
11,November,18,Mickey Mouse Day,2,Mickey Mouse Birthday ; Mickey Mouse Day
11,November,18,Minnie Mouse Birthday,2,Minnie Mouse Birthday ; Minnie Mouse's Birthday
11,November,18,National Princess Day,2,National Princess Day
11,November,18,Occult Day,2,International Occult Day ; Occult Day
11,November,18,World COPD Day,2,World COPD Day
11,November,19,Beaujolais Nouveau Day,2,Beaujolais Nouveau Day
11,November,19,International Men's Day,2,International Men's Day
11,November,19,National Camp Day,2,National Camp Day
11,November,19,Women's Entrepreneurship Day,2,Women Entrepreneurship Day ; Women's Entrepreneurship Day
11,November,19,World Toilet Day,2,World Toilet Day
11,November,20,Africa Industrialization Day,2,Africa Industrialization Day
11,November,20,Future Teachers of America Day,2,Future Teachers of America Day
11,November,20,International Hug a Runner Day,2,International Hug a Runner Day
11,November,20,Name Your PC Day,2,Name Your PC Day
11,November,20,National Absurdity Day,2,National Absurdity Day
11,November,20,National Child Day,2,National Child Day ; National Child's Day
11,November,20,National Peanut Butter Fudge Day,2,National Peanut Butter Fudge Day
11,November,20,Transgender Day of Remembrance,2,Transgender Day of Remembrance
11,November,21,Alascattalo Day,2,Alascattalo Day
11,November,21,Family Volunteer Day,2,Family Volunteer Day
11,November,21,National Gingerbread Cookie Day,2,National Gingerbread Cookie Day
11,November,21,National Red Mitten Day,2,National Red Mitten Day ; Red Mitten Day
11,November,21,National Stuffing Day,2,National Stuffing Day
11,November,21,World Hello Day,2,World Hello Day
11,November,21,World Television Day,2,World Television Day
11,November,22,Go For A Ride Day,2,Go For A Ride Day
11,November,22,Humane Society Anniversary Day,2,Humane Society Anniversary Day
11,November,22,Love Your Freckles Day,2,Love Your Freckles Day
11,November,22,National Cranberry Relish Day,2,National Cranberry Relish Day
11,November,22,Stir-Up Sunday,2,Stir-Up Sunday
11,November,23,Fibonacci Day,2,Fibonacci Day
11,November,23,National Brand Day,2,National Brand Day
11,November,23,National Cashew Day,2,National Cashew Day
11,November,23,National Eat A Cranberry Day,2,Eat A Cranberry Day ; National Eat A Cranberry Day
11,November,23,National Espresso Day,2,National Espresso Day
11,November,23,Thankful For My Dog Day,2,Thankful For My Dog Day
11,November,23,Wolfenoot,2,Wolfenoot
11,November,24,Celebrate Your Unique Talent Day,2,Celebrate Your Unique Talent Day
11,November,24,D.B. Cooper Day,2,D.B. Cooper Day
11,November,24,National Sardines Day,2,National Sardines Day
11,November,25,National Parfait Day,2,National Parfait Day
11,November,25,National Play Day with Dad,2,National Play Day with Dad
11,November,25,Shopping Reminder Day,2,Shopping Reminder Day
11,November,26,Anti Obesity Day,2,Anti Obesity Day ; Anti-Obesity Day
11,November,26,Good Grief Day,2,Good Grief Day
11,November,26,National Cake Day,2,International Cake Day ; National Cake Day
11,November,26,Turkey-free Thanksgiving,2,Turkey Free Thanksgiving ; Turkey-free Thanksgiving
11,November,26,Unthanksgiving Day,2,Unthanksgiving Day
11,November,27,Buy Nothing Day,2,Buy Nothing Day
11,November,27,Lancashire Day,2,Lancashire Day
11,November,27,National Bavarian Cream Pie Day,2,National Bavarian Cream Pie Day
11,November,27,National Craft Jerky Day,2,National Craft Jerky Day
11,November,28,Aura Awareness Day,2,Aura Awareness Day
11,November,28,National French Toast Day,2,National French Toast Day
11,November,28,Red Planet Day,2,Red Planet Day
11,November,28,Small Business Saturday,2,Small Business Saturday
11,November,29,Chadwick Boseman Day,2,Chadwick Boseman Day
11,November,29,Electronic Greetings Day,2,Electronic Greetings Day
11,November,29,International Shift Worker Sunday,2,International Shift Worker Sunday
11,November,29,Isdal Woman Day,2,Isdal Woman Day
11,November,29,National Lemon Cream Pie Day,2,National Lemon Cream Pie Day
11,November,29,National Square Dancing Day,2,National Square Dancing Day ; Square Dancing Day
11,November,30,Day of Remembrance for all Victims of Chemical Warfare,2,Day of Remembrance for all Victims of Chemical Warfare ; Day of Remembrance for All Victims of Chemical Warfare
11,November,30,National Computer Security Day,2,National Computer Security Day
11,November,30,National Mason Jar Day,2,National Mason Jar Day
11,November,30,National Mississippi Day,2,National Mississippi Day
11,November,30,National Mousse Day,2,National Mousse Day
11,November,30,National Stay Home Because You're Well Day,2,National Stay at Home Because You're Well Day ; National Stay Home Because You're Well Day
12,December,1,National Cookie Cutter Day,2,National Cookie Cutter Day
12,December,1,National Eat A Red Apple Day,2,Eat a Red Apple Day ; National Eat A Red Apple Day
12,December,1,National Women Support Women Day,2,National Women Support Women Day
12,December,2,Business of Popping Corn Day,2,Business of Popping Corn Day
12,December,2,International Day for the Abolition of Slavery,2,International Day for the Abolition of Slavery
12,December,2,National Fritters Day,2,National Fritters Day
12,December,2,Special Education Day,2,Special Education Day
12,December,2,World Computer Literacy Day,2,World Computer Literacy Day
12,December,3,Celebrate Shelter Pets Day,2,Celebrate Shelter Pets Day
12,December,3,International Day of Persons with Disabilities,2,International Day of Persons with Disabilities
12,December,3,Let's Hug Day,2,Let's Hug Day
12,December,3,National Green Bean Casserole Day,2,National Green Bean Casserole Day
12,December,3,National Heather Day,2,National Heather Day
12,December,3,National Make a Gift Day,2,Make A Gift Day ; National Make a Gift Day
12,December,3,National Roof Over Your Head Day,2,National Roof Over Your Head Day
12,December,4,Cabernet Franc Day,2,Cabernet Franc Day
12,December,4,International Cheetah Day,2,International Cheetah Day
12,December,4,National Dice Day,2,National Dice Day
12,December,4,National Sock Day,2,National Sock Day
12,December,4,World Wildlife Conservation Day,2,World Wildlife Conservation Day
12,December,5,Bathtub Party Day,2,Bathtub Party Day
12,December,5,International Ninja Day,2,International Ninja Day
12,December,5,Krampusnacht,2,Krampusnacht
12,December,5,National Blue Jeans Day,2,National Blue Jeans Day
12,December,5,National Communicate with Your Kids Day,2,National Communicate with Your Kids Day ; National Communicate with your kids days
12,December,5,National Repeal Day,2,National Repeal Day
12,December,5,Sacher-Torte Day,2,Sacher-Torte Day
12,December,6,Mitten Tree Day,2,Mitten Tree Day
12,December,6,National Day of Remembrance and Action on Violence Against Women,2,National Day of Remembrance and Action on Violence Against Women
12,December,6,National Gazpacho Day,2,National Gazpacho Day
12,December,6,National Microwave Oven Day,2,National Microwave Oven Day
12,December,6,National Miners Day,2,National Miners Day ; National Miners' Day
12,December,6,National Pawnbrokers Day,2,National Pawnbrokers Day
12,December,6,Put on Your Own Shoes Day,2,Put On Your Own Shoes Day ; Put on Your Own Shoes Day
12,December,6,St. Nicholas Day,2,St Nicholas Day ; St. Nicholas Day
12,December,7,International Civil Aviation Day,2,International Civil Aviation Day
12,December,7,National Cotton Candy Day,2,National Cotton Candy Day
12,December,7,National Illinois Day,2,National Illinois Day
12,December,7,National Letter Writing Day,2,National Letter Writing Day
12,December,7,National Pearl Harbor Remembrance Day,2,National Pearl Harbor Day of Remembrance ; National Pearl Harbor Remembrance Day
12,December,8,Bodhi Day,2,Bodhi Day
12,December,8,National Blue Collar Day,2,National Blue Collar Day
12,December,8,National Brownie Day,2,National Brownie Day
12,December,8,National Health Savings Account Day,2,National Health Savings Account Day
12,December,8,National Lard Day,2,National Lard Day
12,December,8,Pretend To Be A Time Traveler Day,2,Pretend To Be A Time Traveler Day
12,December,9,Christmas Card Day,2,Christmas Card Day
12,December,9,International Anti-Corruption Day,2,International Anti-Corruption Day
12,December,9,International Day of Veterinary Medicine,2,International Day of Veterinary Medicine
12,December,9,National Llama Day,2,National Llama Day
12,December,9,National Opal Apples Day,2,National Opal Apples Day
12,December,9,National Pastry Day,2,National Pastry Day
12,December,9,Techno Day,2,Techno Day ; World Techno Day
12,December,9,Weary Willie Day,2,Weary Willie Day
12,December,10,Christmas Jumper Day,2,Christmas Jumper Day
12,December,10,Dewey Decimal System Day,2,Dewey Decimal System Day
12,December,10,Festival for the Souls of Dead Whales,2,Festival for the Souls of Dead Whales
12,December,10,Human Rights Day,2,Human Rights Day
12,December,10,International Animal Rights Day,2,International Animal Rights Day
12,December,10,National Lager Day,2,National Lager Day
12,December,10,Nobel Prize Day,2,Nobel Prize Day
12,December,11,Anniversary of the Statute of Westminster,2,Anniversary of the Statute of Westminster
12,December,11,Holiday Food Drive for Needy Animals Day,2,Holiday Food Drive for Needy Animals Day
12,December,11,International Mountain Day,2,International Mountain Day
12,December,11,National App Day,2,National App Day
12,December,11,UNICEF Day for Change,2,UNICEF Day for Change
12,December,12,Gingerbread Decorating Day,2,Gingerbread Decorating Day
12,December,12,Gingerbread House Day,2,Gingerbread House Day
12,December,12,National Ambrosia Day,2,National Ambrosia Day
12,December,12,National Ding-A-Ling Day,2,National Ding-A-Ling Day
12,December,12,National Poinsettia Day,2,National Poinsettia Day
12,December,12,Universal Health Coverage Day,2,International Universal Health Coverage Day ; Universal Health Coverage Day
12,December,13,National Cocoa Day,2,National Cocoa Day
12,December,13,National Cream Cheese Frosting Day,2,National Cream Cheese Frosting Day
12,December,13,National Horse Day,2,Day of the Horse ; National Horse Day
12,December,13,National Violin Day,2,National Violin Day
12,December,13,Pick A Pathologist Pal Day,2,Pick a Pathologist Pal Day ; Pick A Pathologist Pal Day
12,December,13,U.S. National Guard Birthday,2,U.S. National Guard Birthday
12,December,14,Halcyon Days,2,Halcyon Days
12,December,14,Monkey Day,2,Monkey Day
12,December,14,More Good Today Day,2,More Good Today Day
12,December,14,National Alabama Day,2,National Alabama Day
12,December,14,National Bouillabaisse Day,2,National Bouillabaisse Day
12,December,15,Bill of Rights Day,2,Bill of Rights Day
12,December,15,National Cat Herders Day,2,Cat Herders Day ; National Cat Herders Day
12,December,15,National Cupcake Day,2,National Cupcake Day
12,December,15,National Lemon Cupcake Day,2,National Lemon Cupcake Day
12,December,15,National Wear Your Pearls Day,2,National Wear Your Pearls Day
12,December,16,Day of Reconciliation,2,Day Of Reconciliation ; Day of Reconciliation
12,December,16,National Barbie and Barney Backlash Day,2,Barbie And Barney Backlash Day ; National Barbie and Barney Backlash Day
12,December,16,National Chocolate Covered Anything Day,2,National Chocolate Covered Anything Day
12,December,16,Stupid Toy Day,2,Stupid Toy Day
12,December,17,National Device Appreciation Day,2,National Device Appreciation Day
12,December,17,National Maple Syrup Day,2,National Maple Syrup Day ; National Maple Syrup Day Canada
12,December,18,Answer The Telephone Like Buddy The Elf Day,2,Answer The Telephone Like Buddy The Elf Day
12,December,18,Arabic Language Day,2,Arabic Language Day ; World Arabic Language Day
12,December,18,Bake Cookies Day,2,Bake Cookies Day
12,December,18,Flake Appreciation Day,2,Flake Appreciation Day
12,December,18,International Migrants Day,2,International Migrants Day
12,December,18,National Roast Suckling Pig Day,2,National Roast Suckling Pig Day
12,December,18,National Ugly Christmas Sweater Day,2,National Ugly Christmas Sweater Day
12,December,19,Look for an Evergreen Day,2,Look for an Evergreen Day
12,December,19,National Emo Day,2,National Emo Day
12,December,19,National Hard Candy Day,2,National Hard Candy Day
12,December,19,National Heroes and Heroines Day,2,National Heroes and Heroines Day
12,December,19,National Oatmeal Muffin Day,2,National Oatmeal Muffin Day
12,December,20,Cathode-Ray Tube Day,2,Cathode-Ray Tube Day
12,December,20,Dot Your I's Day,2,Dot Your I's Day
12,December,20,Games Day,2,Games Day
12,December,20,Go Caroling Day,2,Go Caroling Day
12,December,20,Mudd Day,2,Mudd Day
12,December,20,National Sangria Day,2,National Sangria Day
12,December,20,Sacagawea Day,2,Sacagawea Day
12,December,21,International Dalek Remembrance Day,2,International Dalek Remembrance Day
12,December,21,National Coquito Day,2,National Coquito Day
12,December,21,National Crossword Puzzle Day,2,National Crossword Puzzle Day
12,December,21,National French Fried Shrimp Day,2,National French Fried Shrimp Day
12,December,21,National Maine Day,2,National Maine Day
12,December,21,Yule,2,Yule
12,December,22,Forefathers' Day,2,Forefathers' Day
12,December,22,Mathematics Day,2,Mathematics Day
12,December,22,National Cookie Exchange Day,2,National Cookie Exchange Day
12,December,22,National Date Nut Bread Day,2,National Date Nut Bread Day
12,December,22,National Short Person Day,2,National Short Person Day
12,December,23,Festivus,2,Festivus
12,December,23,National Christmas Movie Marathon Day,2,National Christmas Movie Marathon Day
12,December,23,National Roots Day,2,National Roots Day
12,December,24,Christmas Eve,2,Christmas Eve
12,December,24,Last-Minute Shopper's Day,2,Last-Minute Shopper's Day
12,December,24,National Eggnog Day,2,National Eggnog Day
12,December,25,"A'Phabet Day or No ""L"" Day",2,"A'Phabet Day or No ""L"" Day"
12,December,25,Christmas,2,Christmas ; Christmas Day
12,December,25,National Pumpkin Pie Day,2,National Pumpkin Pie Day
12,December,26,Boxing Day,2,Boxing Day
12,December,26,Kwanzaa,2,Kwanzaa
12,December,26,National Candy Cane Day,2,National Candy Cane Day
12,December,26,National Thank You Note Day,2,National Thank You Note Day
12,December,26,St. Stephen's Day,2,St. Stephen's Day
12,December,27,International Day of Epidemic Preparedness,2,International Day of Epidemic Preparedness
12,December,27,National Fruitcake Day,2,National Fruitcake Day
12,December,27,National Make Cut-Out Snowflakes Day,2,Make Cut-Out Snowflakes Day ; National Make Cut-Out Snowflakes Day
12,December,27,Visit the Zoo Day,2,Visit The Zoo Day ; Visit the Zoo Day
12,December,28,Holy Innocents Day,2,Holy Innocents Day
12,December,28,National Call a Friend Day,2,National Call a Friend Day
12,December,28,National Card Playing Day,2,Card Playing Day ; National Card Playing Day
12,December,28,National Chocolate Candy Day,2,National Chocolate Candy Day
12,December,28,National Download Day,2,National Download Day
12,December,28,National Short Film Day,2,National Short Film Day
12,December,28,Pledge of Allegiance Day,2,Pledge of Allegiance Day
12,December,29,International Cello Day,2,International Cello Day
12,December,29,National Pepper Pot Day,2,National Pepper Pot Day ; Pepper Pot Day
12,December,29,Tick Tock Day,2,Tick Tock Day
12,December,30,Falling Needles Family Fest Day,2,Falling Needles Family Fest Day
12,December,30,Festival of Enormous Changes at the Last Minute,2,Festival of Enormous Changes at the Last Minute
12,December,30,National Bacon Day,2,National Bacon Day
12,December,30,National Resolution Planning Day,2,National Resolution Planning Day
12,December,31,Hogmanay,2,Hogmanay
12,December,31,Make Up Your Mind Day,2,Make Up Your Mind Day
12,December,31,National Champagne Day,2,National Champagne Day
12,December,31,New Year's Eve,2,New Year's Eve
12,December,31,No Interruptions Day,2,No Interruptions Day
12,December,31,Unlucky Day,2,Unlucky Day
